{"type":"FeatureCollection","features":[{"type":"Feature","geometry":{"type":"Polygon","coordinates":[[[72.64065683729252,23.098306658319665],[72.64131688788088,23.093883112124235],[72.646172214342,23.09217745128963],[72.65036790698589,23.09489504172208],[72.64970844325693,23.09931868240258],[72.6448527000046,23.101024638194374],[72.64065683729252,23.098306658319665]]]},"properties":{"h3_index":"8842cc6821fffff","d_ta_c":-0.92,"intensity":0.407,"roads":0.078,"green":0.0,"water":0.25,"exposure":0.407,"vulnerability":0.813,"place":"Ambavadi / kubernagar","place_exact":false,"peak_hour":13,"wbgt_focus":30.4,"utci_focus":42.2,"risk_focus":0.292}},{"type":"Feature","geometry":{"type":"Polygon","coordinates":[[[72.64970844325693,23.09931868240258],[72.65036790698589,23.09489504172208],[72.65522305649355,23.09318908113721],[72.65941915890903,23.095906466199942],[72.65876028210276,23.100330201223912],[72.65390471593824,23.102036456870508],[72.64970844325693,23.09931868240258]]]},"properties":{"h3_index":"8842cc6823fffff","d_ta_c":-0.03,"intensity":0.704,"roads":0.441,"green":0.0,"water":0.0,"exposure":0.704,"vulnerability":0.813,"place":"Naroda","place_exact":false,"peak_hour":13,"wbgt_focus":30.8,"utci_focus":43.4,"risk_focus":0.371}},{"type":"Feature","geometry":{"type":"Polygon","coordinates":[[[72.63712160519833,23.091165316439223],[72.63778181891377,23.086742249375174],[72.64263672861469,23.085036883432643],[72.64683184134029,23.087754289690857],[72.646172214342,23.09217745128963],[72.64131688788088,23.093883112124235],[72.63712160519833,23.091165316439223]]]},"properties":{"h3_index":"8842cc6825fffff","d_ta_c":-0.71,"intensity":0.476,"roads":0.37,"green":0.141,"water":0.24,"exposure":0.476,"vulnerability":0.813,"place":"Ambavadi / kubernagar","place_exact":false,"peak_hour":13,"wbgt_focus":30.5,"utci_focus":42.5,"risk_focus":0.312}},{"type":"Feature","geometry":{"type":"Polygon","coordinates":[[[72.646172214342,23.09217745128963],[72.64683184134029,23.087754289690857],[72.65168657422197,23.086048624102602],[72.65588209671131,23.088765825145305],[72.65522305649355,23.09318908113721],[72.65036790698589,23.09489504172208],[72.646172214342,23.09217745128963]]]},"properties":{"h3_index":"8842cc6827fffff","d_ta_c":0.24,"intensity":0.793,"roads":0.623,"green":0.013,"water":0.0,"exposure":0.793,"vulnerability":0.813,"place":"Naroda","place_exact":false,"peak_hour":13,"wbgt_focus":31.0,"utci_focus":43.8,"risk_focus":0.391}},{"type":"Feature","geometry":{"type":"Polygon","coordinates":[[[72.63160546465244,23.09729412906794],[72.63226610203674,23.092870677499167],[72.63712160519833,23.091165316439223],[72.64131688788088,23.093883112124235],[72.64065683729252,23.098306658319665],[72.63580091720556,23.10001231423222],[72.63160546465244,23.09729412906794]]]},"properties":{"h3_index":"8842cc682dfffff","d_ta_c":-0.66,"intensity":0.494,"roads":0.234,"green":0.0,"water":0.24,"exposure":0.494,"vulnerability":0.813,"place":"Ambavadi / kubernagar","place_exact":false,"peak_hour":13,"wbgt_focus":30.5,"utci_focus":42.6,"risk_focus":0.317}},{"type":"Feature","geometry":{"type":"Polygon","coordinates":[[[72.61747298055666,23.06873230234059],[72.61813426935191,23.064310767936416],[72.62298810512242,23.06260658563586],[72.6271810688787,23.06532364317603],[72.62652036631081,23.06974527240499],[72.62166611373915,23.07144974929777],[72.61747298055666,23.06873230234059]]]},"properties":{"h3_index":"8842cc6901fffff","d_ta_c":-1.08,"intensity":0.352,"roads":0.311,"green":0.447,"water":0.0,"exposure":0.352,"vulnerability":0.813,"place":"Sahijpur boga","place_exact":false,"peak_hour":13,"wbgt_focus":30.3,"utci_focus":42.0,"risk_focus":0.275}},{"type":"Feature","geometry":{"type":"Polygon","coordinates":[[[72.62652036631081,23.06974527240499],[72.6271810688787,23.06532364317603],[72.63203472848501,23.063619161519004],[72.6362281021705,23.066336014422987],[72.63556798589343,23.07075773833535],[72.63071390961994,23.072462514689104],[72.62652036631081,23.06974527240499]]]},"properties":{"h3_index":"8842cc6903fffff","d_ta_c":-0.39,"intensity":0.585,"roads":0.521,"green":0.255,"water":0.0,"exposure":0.585,"vulnerability":0.813,"place":"Sahijpur boga","place_exact":false,"peak_hour":13,"wbgt_focus":30.7,"utci_focus":43.0,"risk_focus":0.341}},{"type":"Feature","geometry":{"type":"Polygon","coordinates":[[[72.61394171571412,23.061593505877177],[72.61460316714198,23.05717245094749],[72.61945658614245,23.055468563174045],[72.62364897046497,23.058185435831938],[72.62298810512242,23.06260658563586],[72.61813426935191,23.064310767936416],[72.61394171571412,23.061593505877177]]]},"properties":{"h3_index":"8842cc6905fffff","d_ta_c":0.4,"intensity":0.845,"roads":0.933,"green":0.188,"water":0.0,"exposure":0.845,"vulnerability":0.813,"place":"Meghaninagar","place_exact":true,"peak_hour":13,"wbgt_focus":31.0,"utci_focus":44.0,"risk_focus":0.403}},{"type":"Feature","geometry":{"type":"Polygon","coordinates":[[[72.62298810512242,23.06260658563586],[72.62364897046497,23.058185435831938],[72.62850221343514,23.056481248806545],[72.63269500767878,23.059197916982214],[72.63203472848501,23.063619161519004],[72.6271810688787,23.06532364317603],[72.62298810512242,23.06260658563586]]]},"properties":{"h3_index":"8842cc6907fffff","d_ta_c":0.13,"intensity":0.756,"roads":0.59,"green":0.042,"water":0.0,"exposure":0.756,"vulnerability":0.813,"place":"Sahijpur boga","place_exact":true,"peak_hour":13,"wbgt_focus":30.9,"utci_focus":43.6,"risk_focus":0.383}},{"type":"Feature","geometry":{"type":"Polygon","coordinates":[[[72.61195683955913,23.074858398636774],[72.61261855193968,23.07043647974812],[72.61747298055666,23.06873230234059],[72.62166611373915,23.07144974929777],[72.62100498766452,23.075871763103166],[72.61615014208134,23.07757623506341],[72.61195683955913,23.074858398636774]]]},"properties":{"h3_index":"8842cc6909fffff","d_ta_c":0.14,"intensity":0.758,"roads":0.547,"green":0.003,"water":0.0,"exposure":0.758,"vulnerability":0.813,"place":"Ambavadi / kubernagar","place_exact":false,"peak_hour":13,"wbgt_focus":30.9,"utci_focus":43.6,"risk_focus":0.383}},{"type":"Feature","geometry":{"type":"Polygon","coordinates":[[[72.62100498766452,23.075871763103166],[72.62166611373915,23.07144974929777],[72.62652036631081,23.06974527240499],[72.63071390961994,23.072462514689104],[72.63005336991476,23.076884623269827],[72.62519870051086,23.078589394819893],[72.62100498766452,23.075871763103166]]]},"properties":{"h3_index":"8842cc690bfffff","d_ta_c":-0.13,"intensity":0.671,"roads":0.499,"green":0.101,"water":0.0,"exposure":0.671,"vulnerability":0.813,"place":"Ambavadi / kubernagar","place_exact":true,"peak_hour":13,"wbgt_focus":30.8,"utci_focus":43.3,"risk_focus":0.363}},{"type":"Feature","geometry":{"type":"Polygon","coordinates":[[[72.60842582907311,23.067718828235066],[72.60908770403216,23.063297388797064],[72.61394171571412,23.061593505877177],[72.61813426935191,23.064310767936416],[72.61747298055666,23.06873230234059],[72.61261855193968,23.07043647974812],[72.60842582907311,23.067718828235066]]]},"properties":{"h3_index":"8842cc690dfffff","d_ta_c":-0.22,"intensity":0.64,"roads":0.334,"green":0.012,"water":0.0,"exposure":0.64,"vulnerability":0.813,"place":"Meghaninagar","place_exact":true,"peak_hour":13,"wbgt_focus":30.7,"utci_focus":43.2,"risk_focus":0.355}},{"type":"Feature","geometry":{"type":"Polygon","coordinates":[[[72.63910198586758,23.07789697904385],[72.63976193913987,23.07347477582926],[72.64461583886239,23.07176970003882],[72.64881020185668,23.074486532625425],[72.64815083508067,23.078908830332423],[72.64329651879406,23.080614200989217],[72.63910198586758,23.07789697904385]]]},"properties":{"h3_index":"8842cc6911fffff","d_ta_c":0.47,"intensity":0.871,"roads":0.759,"green":0.003,"water":0.0,"exposure":0.871,"vulnerability":0.813,"place":"Naroda","place_exact":true,"peak_hour":13,"wbgt_focus":31.1,"utci_focus":44.1,"risk_focus":0.409}},{"type":"Feature","geometry":{"type":"Polygon","coordinates":[[[72.64815083508067,23.078908830332423],[72.64881020185668,23.074486532625425],[72.65366392477543,23.07278115742267],[72.65785869732807,23.075497784984904],[72.65719991711164,23.079920177042805],[72.65234577776295,23.0816258472164],[72.64815083508067,23.078908830332423]]]},"properties":{"h3_index":"8842cc6913fffff","d_ta_c":0.38,"intensity":0.84,"roads":0.738,"green":0.0,"water":0.05,"exposure":0.84,"vulnerability":0.813,"place":"Naroda","place_exact":true,"peak_hour":13,"wbgt_focus":31.0,"utci_focus":44.0,"risk_focus":0.402}},{"type":"Feature","geometry":{"type":"Polygon","coordinates":[[[72.63556798589343,23.07075773833535],[72.6362281021705,23.066336014422987],[72.64108158535987,23.064631233433786],[72.64527536878525,23.0673478815845],[72.64461583886239,23.07176970003882],[72.63976193913987,23.07347477582926],[72.63556798589343,23.07075773833535]]]},"properties":{"h3_index":"8842cc6915fffff","d_ta_c":0.45,"intensity":0.863,"roads":0.74,"green":0.0,"water":0.0,"exposure":0.863,"vulnerability":0.813,"place":"Naroda","place_exact":true,"peak_hour":13,"wbgt_focus":31.1,"utci_focus":44.1,"risk_focus":0.407}},{"type":"Feature","geometry":{"type":"Polygon","coordinates":[[[72.64461583886239,23.07176970003882],[72.64527536878525,23.0673478815845],[72.65012867530493,23.06564280128743],[72.65432286828079,23.068359244567823],[72.65366392477543,23.07278115742267],[72.64881020185668,23.074486532625425],[72.64461583886239,23.07176970003882]]]},"properties":{"h3_index":"8842cc6917fffff","d_ta_c":0.8,"intensity":0.979,"roads":0.96,"green":0.0,"water":0.0,"exposure":0.979,"vulnerability":0.813,"place":"Naroda","place_exact":true,"peak_hour":13,"wbgt_focus":31.2,"utci_focus":44.5,"risk_focus":0.432}},{"type":"Feature","geometry":{"type":"Polygon","coordinates":[[[72.63358711614151,23.084024638018562],[72.63424749289588,23.07960205015945],[72.63910198586758,23.07789697904385],[72.64329651879406,23.080614200989217],[72.64263672861469,23.085036883432643],[72.63778181891377,23.086742249375174],[72.63358711614151,23.084024638018562]]]},"properties":{"h3_index":"8842cc6919fffff","d_ta_c":-0.14,"intensity":0.667,"roads":0.493,"green":0.103,"water":0.0,"exposure":0.667,"vulnerability":0.813,"place":"Ambavadi / kubernagar","place_exact":true,"peak_hour":13,"wbgt_focus":30.8,"utci_focus":43.3,"risk_focus":0.361}},{"type":"Feature","geometry":{"type":"Polygon","coordinates":[[[72.64263672861469,23.085036883432643],[72.64329651879406,23.080614200989217],[72.64815083508067,23.078908830332423],[72.65234577776295,23.0816258472164],[72.65168657422197,23.086048624102602],[72.64683184134029,23.087754289690857],[72.64263672861469,23.085036883432643]]]},"properties":{"h3_index":"8842cc691bfffff","d_ta_c":0.34,"intensity":0.828,"roads":0.675,"green":0.0,"water":0.0,"exposure":0.828,"vulnerability":0.813,"place":"Naroda","place_exact":true,"peak_hour":13,"wbgt_focus":31.0,"utci_focus":43.9,"risk_focus":0.399}},{"type":"Feature","geometry":{"type":"Polygon","coordinates":[[[72.63005336991476,23.076884623269827],[72.63071390961994,23.072462514689104],[72.63556798589343,23.07075773833535],[72.63976193913987,23.07347477582926],[72.63910198586758,23.07789697904385],[72.63424749289588,23.07960205015945],[72.63005336991476,23.076884623269827]]]},"properties":{"h3_index":"8842cc691dfffff","d_ta_c":-0.58,"intensity":0.518,"roads":0.442,"green":0.295,"water":0.0,"exposure":0.518,"vulnerability":0.813,"place":"Ambavadi / kubernagar","place_exact":true,"peak_hour":13,"wbgt_focus":30.6,"utci_focus":42.7,"risk_focus":0.324}},{"type":"Feature","geometry":{"type":"Polygon","coordinates":[[[72.61592580916385,23.04833120523102],[72.61658699979178,23.04391101449673],[72.62143940958283,23.042207416539295],[72.62563104529988,23.044923714843492],[72.62497044053677,23.04934400040952],[72.62011761417168,23.051047892868386],[72.61592580916385,23.04833120523102]]]},"properties":{"h3_index":"8842cc6921fffff","d_ta_c":0.01,"intensity":0.716,"roads":0.463,"green":0.0,"water":0.0,"exposure":0.716,"vulnerability":0.813,"place":"Kalapi nagar","place_exact":true,"peak_hour":13,"wbgt_focus":30.9,"utci_focus":43.5,"risk_focus":0.373}},{"type":"Feature","geometry":{"type":"Polygon","coordinates":[[[72.62497044053677,23.04934400040952],[72.62563104529988,23.044923714843492],[72.63048327907569,23.043219817867293],[72.63467532450848,23.045935911879987],[72.63401530567359,23.05035629213647],[72.62916265545759,23.052060483718567],[72.62497044053677,23.04934400040952]]]},"properties":{"h3_index":"8842cc6923fffff","d_ta_c":0.09,"intensity":0.745,"roads":0.517,"green":0.0,"water":0.0,"exposure":0.745,"vulnerability":0.813,"place":"Sahijpur","place_exact":true,"peak_hour":13,"wbgt_focus":30.9,"utci_focus":43.6,"risk_focus":0.38}},{"type":"Feature","geometry":{"type":"Polygon","coordinates":[[[72.61239577397956,23.041194512018055],[72.61305712711827,23.036774800928146],[72.61790912036642,23.035071497407074],[72.62210017699867,23.0377876105683],[72.62143940958283,23.042207416539295],[72.61658699979178,23.04391101449673],[72.61239577397956,23.041194512018055]]]},"properties":{"h3_index":"8842cc6925fffff","d_ta_c":0.12,"intensity":0.753,"roads":0.533,"green":0.0,"water":0.0,"exposure":0.753,"vulnerability":0.813,"place":"Asarwa","place_exact":false,"peak_hour":13,"wbgt_focus":30.9,"utci_focus":43.6,"risk_focus":0.382}},{"type":"Feature","geometry":{"type":"Polygon","coordinates":[[[72.62143940958283,23.042207416539295],[72.62210017699867,23.0377876105683],[72.62695199436533,23.036084008132885],[72.63114346070522,23.03879991715643],[72.63048327907569,23.043219817867293],[72.62563104529988,23.044923714843492],[72.62143940958283,23.042207416539295]]]},"properties":{"h3_index":"8842cc6927fffff","d_ta_c":0.27,"intensity":0.804,"roads":0.63,"green":0.0,"water":0.0,"exposure":0.804,"vulnerability":0.813,"place":"Kalapi nagar","place_exact":false,"peak_hour":13,"wbgt_focus":31.0,"utci_focus":43.8,"risk_focus":0.394}},{"type":"Feature","geometry":{"type":"Polygon","coordinates":[[[72.61041119292979,23.054455373924487],[72.61107280690229,23.050034798542434],[72.61592580916385,23.04833120523102],[72.62011761417168,23.051047892868386],[72.61945658614245,23.055468563174045],[72.61460316714198,23.05717245094749],[72.61041119292979,23.054455373924487]]]},"properties":{"h3_index":"8842cc6929fffff","d_ta_c":0.46,"intensity":0.866,"roads":0.749,"green":0.002,"water":0.0,"exposure":0.866,"vulnerability":0.813,"place":"Meghaninagar","place_exact":true,"peak_hour":13,"wbgt_focus":31.1,"utci_focus":44.1,"risk_focus":0.408}},{"type":"Feature","geometry":{"type":"Polygon","coordinates":[[[72.61945658614245,23.055468563174045],[72.62011761417168,23.051047892868386],[72.62497044053677,23.04934400040952],[72.62916265545759,23.052060483718567],[72.62850221343514,23.056481248806545],[72.62364897046497,23.058185435831938],[72.61945658614245,23.055468563174045]]]},"properties":{"h3_index":"8842cc692bfffff","d_ta_c":0.46,"intensity":0.865,"roads":0.745,"green":0.0,"water":0.0,"exposure":0.865,"vulnerability":0.813,"place":"Sahijpur","place_exact":true,"peak_hour":13,"wbgt_focus":31.1,"utci_focus":44.1,"risk_focus":0.407}},{"type":"Feature","geometry":{"type":"Polygon","coordinates":[[[72.60688141199653,23.04731790669384],[72.60754318842575,23.042897810932523],[72.61239577397956,23.041194512018055],[72.61658699979178,23.04391101449673],[72.61592580916385,23.04833120523102],[72.61107280690229,23.050034798542434],[72.60688141199653,23.04731790669384]]]},"properties":{"h3_index":"8842cc692dfffff","d_ta_c":0.05,"intensity":0.731,"roads":0.507,"green":0.0,"water":0.02,"exposure":0.731,"vulnerability":0.813,"place":"Asarwa","place_exact":true,"peak_hour":13,"wbgt_focus":30.9,"utci_focus":43.5,"risk_focus":0.377}},{"type":"Feature","geometry":{"type":"Polygon","coordinates":[[[72.63754807436597,23.057493430729117],[72.63820793031825,23.05307257100014],[72.64306040413256,23.051368080319087],[72.64725343831176,23.054084154620366],[72.64659416849301,23.058505108848994],[72.64174127834148,23.06020989430549],[72.63754807436597,23.057493430729117]]]},"properties":{"h3_index":"8842cc6931fffff","d_ta_c":0.85,"intensity":0.998,"roads":1.0,"green":0.0,"water":0.005,"exposure":0.998,"vulnerability":0.813,"place":"Sahijpur boga","place_exact":false,"peak_hour":13,"wbgt_focus":31.2,"utci_focus":44.6,"risk_focus":0.436}},{"type":"Feature","geometry":{"type":"Polygon","coordinates":[[[72.64659416849301,23.058505108848994],[72.64725343831176,23.054084154620366],[72.65210573547184,23.05237936486469],[72.6562991789963,23.055095234486593],[72.6556404953743,23.05951628307351],[72.65078778201105,23.061221367709024],[72.64659416849301,23.058505108848994]]]},"properties":{"h3_index":"8842cc6933fffff","d_ta_c":0.77,"intensity":0.971,"roads":0.945,"green":0.0,"water":0.0,"exposure":0.971,"vulnerability":0.813,"place":"Naroda","place_exact":false,"peak_hour":13,"wbgt_focus":31.2,"utci_focus":44.5,"risk_focus":0.43}},{"type":"Feature","geometry":{"type":"Polygon","coordinates":[[[72.63401530567359,23.05035629213647],[72.63467532450848,23.045935911879987],[72.63952738201651,23.04423171590926],[72.64371983697589,23.04694760551345],[72.64306040413256,23.051368080319087],[72.63820793031825,23.05307257100014],[72.63401530567359,23.05035629213647]]]},"properties":{"h3_index":"8842cc6935fffff","d_ta_c":0.84,"intensity":0.993,"roads":0.987,"green":0.0,"water":0.0,"exposure":0.993,"vulnerability":0.813,"place":"Thakkarabapa Nagar","place_exact":true,"peak_hour":13,"wbgt_focus":31.2,"utci_focus":44.6,"risk_focus":0.435}},{"type":"Feature","geometry":{"type":"Polygon","coordinates":[[[72.64306040413256,23.051368080319087],[72.64371983697589,23.04694760551345],[72.64857171796362,23.04524311057249],[72.65276458226035,23.04795879565123],[72.65210573547184,23.05237936486469],[72.64725343831176,23.054084154620366],[72.64306040413256,23.051368080319087]]]},"properties":{"h3_index":"8842cc6937fffff","d_ta_c":0.59,"intensity":0.909,"roads":0.828,"green":0.0,"water":0.0,"exposure":0.909,"vulnerability":0.813,"place":"Thakkarabapa Nagar","place_exact":true,"peak_hour":13,"wbgt_focus":31.1,"utci_focus":44.2,"risk_focus":0.417}},{"type":"Feature","geometry":{"type":"Polygon","coordinates":[[[72.63203472848501,23.063619161519004],[72.63269500767878,23.059197916982214],[72.63754807436597,23.057493430729117],[72.64174127834148,23.06020989430549],[72.64108158535987,23.064631233433786],[72.6362281021705,23.066336014422987],[72.63203472848501,23.063619161519004]]]},"properties":{"h3_index":"8842cc6939fffff","d_ta_c":0.48,"intensity":0.872,"roads":0.762,"green":0.0,"water":0.005,"exposure":0.872,"vulnerability":0.813,"place":"Sahijpur boga","place_exact":true,"peak_hour":13,"wbgt_focus":31.1,"utci_focus":44.1,"risk_focus":0.409}},{"type":"Feature","geometry":{"type":"Polygon","coordinates":[[[72.64108158535987,23.064631233433786],[72.64174127834148,23.06020989430549],[72.64659416849301,23.058505108848994],[72.65078778201105,23.061221367709024],[72.65012867530493,23.06564280128743],[72.64527536878525,23.0673478815845],[72.64108158535987,23.064631233433786]]]},"properties":{"h3_index":"8842cc693bfffff","d_ta_c":0.85,"intensity":0.998,"roads":1.0,"green":0.0,"water":0.005,"exposure":0.998,"vulnerability":0.813,"place":"Naroda","place_exact":false,"peak_hour":13,"wbgt_focus":31.2,"utci_focus":44.6,"risk_focus":0.436}},{"type":"Feature","geometry":{"type":"Polygon","coordinates":[[[72.62850221343514,23.056481248806545],[72.62916265545759,23.052060483718567],[72.63401530567359,23.05035629213647],[72.63820793031825,23.05307257100014],[72.63754807436597,23.057493430729117],[72.63269500767878,23.059197916982214],[72.62850221343514,23.056481248806545]]]},"properties":{"h3_index":"8842cc693dfffff","d_ta_c":0.45,"intensity":0.863,"roads":0.741,"green":0.0,"water":0.0,"exposure":0.863,"vulnerability":0.813,"place":"Sahijpur","place_exact":true,"peak_hour":13,"wbgt_focus":31.1,"utci_focus":44.1,"risk_focus":0.407}},{"type":"Feature","geometry":{"type":"Polygon","coordinates":[[[72.59739100643851,23.079970610778826],[72.59805372885775,23.075548402671703],[72.60290892604078,23.07384452996367],[72.60710181804957,23.076562570983004],[72.6064396819511,23.080984874240283],[72.6015840675029,23.082689041356847],[72.59739100643851,23.079970610778826]]]},"properties":{"h3_index":"8842cc6941fffff","d_ta_c":-2.14,"intensity":0.0,"roads":0.118,"green":0.174,"water":1.0,"exposure":0.0,"vulnerability":0.813,"place":"Sabarmati","place_exact":false,"peak_hour":13,"wbgt_focus":29.9,"utci_focus":40.7,"risk_focus":0.004}},{"type":"Feature","geometry":{"type":"Polygon","coordinates":[[[72.6064396819511,23.080984874240283],[72.60710181804957,23.076562570983004],[72.61195683955913,23.074858398636774],[72.61615014208134,23.07757623506341],[72.61548859236733,23.08199863332943],[72.61063315372648,23.08370310018885],[72.6064396819511,23.080984874240283]]]},"properties":{"h3_index":"8842cc6943fffff","d_ta_c":-0.56,"intensity":0.525,"roads":0.311,"green":0.174,"water":0.0,"exposure":0.525,"vulnerability":0.813,"place":"Koteshwar","place_exact":false,"peak_hour":13,"wbgt_focus":30.6,"utci_focus":42.7,"risk_focus":0.325}},{"type":"Feature","geometry":{"type":"Polygon","coordinates":[[[72.59386124755162,23.07283015717698],[72.59452413235303,23.068408428546007],[72.5993789123022,23.06670485018146],[72.60357122466363,23.069422706133174],[72.60290892604078,23.07384452996367],[72.59805372885775,23.075548402671703],[72.59386124755162,23.07283015717698]]]},"properties":{"h3_index":"8842cc6945fffff","d_ta_c":-1.88,"intensity":0.086,"roads":0.11,"green":0.174,"water":0.786,"exposure":0.086,"vulnerability":0.813,"place":"Shahibaug","place_exact":false,"peak_hour":13,"wbgt_focus":30.0,"utci_focus":41.0,"risk_focus":0.163}},{"type":"Feature","geometry":{"type":"Polygon","coordinates":[[[72.60290892604078,23.07384452996367],[72.60357122466363,23.069422706133174],[72.60842582907311,23.067718828235066],[72.61261855193968,23.07043647974812],[72.61195683955913,23.074858398636774],[72.60710181804957,23.076562570983004],[72.60290892604078,23.07384452996367]]]},"properties":{"h3_index":"8842cc6947fffff","d_ta_c":-0.35,"intensity":0.597,"roads":0.446,"green":0.174,"water":0.0,"exposure":0.597,"vulnerability":0.813,"place":"Meghaninagar","place_exact":false,"peak_hour":13,"wbgt_focus":30.7,"utci_focus":43.0,"risk_focus":0.344}},{"type":"Feature","geometry":{"type":"Polygon","coordinates":[[[72.59187207008769,23.08609707039616],[72.59253521643596,23.08167447812841],[72.59739100643851,23.079970610778826],[72.6015840675029,23.082689041356847],[72.60092150755383,23.087111728866798],[72.59606530012098,23.08881589058529],[72.59187207008769,23.08609707039616]]]},"properties":{"h3_index":"8842cc6949fffff","d_ta_c":-1.28,"intensity":0.288,"roads":0.453,"green":0.0,"water":1.0,"exposure":0.288,"vulnerability":0.813,"place":"Sabarmati","place_exact":true,"peak_hour":13,"wbgt_focus":30.3,"utci_focus":41.8,"risk_focus":0.254}},{"type":"Feature","geometry":{"type":"Polygon","coordinates":[[[72.60092150755383,23.087111728866798],[72.6015840675029,23.082689041356847],[72.6064396819511,23.080984874240283],[72.61063315372648,23.08370310018885],[72.60997118024038,23.088125882799563],[72.60511514849577,23.089830344389718],[72.60092150755383,23.087111728866798]]]},"properties":{"h3_index":"8842cc694bfffff","d_ta_c":-1.28,"intensity":0.288,"roads":0.102,"green":0.174,"water":0.299,"exposure":0.288,"vulnerability":0.813,"place":"Koteshwar","place_exact":false,"peak_hour":13,"wbgt_focus":30.3,"utci_focus":41.8,"risk_focus":0.254}},{"type":"Feature","geometry":{"type":"Polygon","coordinates":[[[72.5883425662718,23.07895584303827],[72.58900587494801,23.074533730222715],[72.59386124755162,23.07283015717698],[72.59805372885775,23.075548402671703],[72.59739100643851,23.079970610778826],[72.59253521643596,23.08167447812841],[72.5883425662718,23.07895584303827]]]},"properties":{"h3_index":"8842cc694dfffff","d_ta_c":0.1,"intensity":0.748,"roads":0.525,"green":0.001,"water":0.0,"exposure":0.748,"vulnerability":0.813,"place":"Sabarmati","place_exact":true,"peak_hour":13,"wbgt_focus":30.9,"utci_focus":43.6,"risk_focus":0.381}},{"type":"Feature","geometry":{"type":"Polygon","coordinates":[[[72.61902108770497,23.089139532101264],[72.61968247466439,23.084716654531256],[72.6245377372449,23.08301188795319],[72.62873202987431,23.085729704291015],[72.6280712295051,23.090152676678805],[72.62321554989614,23.091857737939762],[72.61902108770497,23.089139532101264]]]},"properties":{"h3_index":"8842cc6951fffff","d_ta_c":-0.24,"intensity":0.632,"roads":0.739,"green":0.002,"water":0.54,"exposure":0.632,"vulnerability":0.813,"place":"Ambavadi / kubernagar","place_exact":false,"peak_hour":13,"wbgt_focus":30.7,"utci_focus":43.1,"risk_focus":0.353}},{"type":"Feature","geometry":{"type":"Polygon","coordinates":[[[72.6280712295051,23.090152676678805],[72.62873202987431,23.085729704291015],[72.63358711614151,23.084024638018562],[72.63778181891377,23.086742249375174],[72.63712160519833,23.091165316439223],[72.63226610203674,23.092870677499167],[72.6280712295051,23.090152676678805]]]},"properties":{"h3_index":"8842cc6953fffff","d_ta_c":-0.29,"intensity":0.615,"roads":0.488,"green":0.02,"water":0.24,"exposure":0.615,"vulnerability":0.813,"place":"Ambavadi / kubernagar","place_exact":true,"peak_hour":13,"wbgt_focus":30.7,"utci_focus":43.1,"risk_focus":0.349}},{"type":"Feature","geometry":{"type":"Polygon","coordinates":[[[72.61548859236733,23.08199863332943],[72.61615014208134,23.07757623506341],[72.62100498766452,23.075871763103166],[72.62519870051086,23.078589394819893],[72.6245377372449,23.08301188795319],[72.61968247466439,23.084716654531256],[72.61548859236733,23.08199863332943]]]},"properties":{"h3_index":"8842cc6955fffff","d_ta_c":0.85,"intensity":0.995,"roads":1.0,"green":0.007,"water":0.0,"exposure":0.995,"vulnerability":0.813,"place":"Ambavadi / kubernagar","place_exact":false,"peak_hour":13,"wbgt_focus":31.2,"utci_focus":44.6,"risk_focus":0.435}},{"type":"Feature","geometry":{"type":"Polygon","coordinates":[[[72.6245377372449,23.08301188795319],[72.62519870051086,23.078589394819893],[72.63005336991476,23.076884623269827],[72.63424749289588,23.07960205015945],[72.63358711614151,23.084024638018562],[72.62873202987431,23.085729704291015],[72.6245377372449,23.08301188795319]]]},"properties":{"h3_index":"8842cc6957fffff","d_ta_c":0.16,"intensity":0.767,"roads":0.699,"green":0.116,"water":0.0,"exposure":0.767,"vulnerability":0.813,"place":"Ambavadi / kubernagar","place_exact":true,"peak_hour":13,"wbgt_focus":30.9,"utci_focus":43.7,"risk_focus":0.385}},{"type":"Feature","geometry":{"type":"Polygon","coordinates":[[[72.61350342111596,23.095267555429658],[72.61416523190162,23.09084429353893],[72.61902108770497,23.089139532101264],[72.62321554989614,23.091857737939762],[72.62255432577935,23.096281094740274],[72.61769805278237,23.097986150821278],[72.61350342111596,23.095267555429658]]]},"properties":{"h3_index":"8842cc6959fffff","d_ta_c":-0.43,"intensity":0.569,"roads":0.185,"green":0.0,"water":0.0,"exposure":0.569,"vulnerability":0.813,"place":"Koteshwar","place_exact":true,"peak_hour":13,"wbgt_focus":30.6,"utci_focus":42.9,"risk_focus":0.337}},{"type":"Feature","geometry":{"type":"Polygon","coordinates":[[[72.62255432577935,23.096281094740274],[72.62321554989614,23.091857737939762],[72.6280712295051,23.090152676678805],[72.63226610203674,23.092870677499167],[72.63160546465244,23.09729412906794],[72.62674936798389,23.098999485076888],[72.62255432577935,23.096281094740274]]]},"properties":{"h3_index":"8842cc695bfffff","d_ta_c":-0.86,"intensity":0.426,"roads":0.346,"green":0.0,"water":0.54,"exposure":0.426,"vulnerability":0.813,"place":"Ambavadi / kubernagar","place_exact":false,"peak_hour":13,"wbgt_focus":30.5,"utci_focus":42.3,"risk_focus":0.298}},{"type":"Feature","geometry":{"type":"Polygon","coordinates":[[[72.60997118024038,23.088125882799563],[72.61063315372648,23.08370310018885],[72.61548859236733,23.08199863332943],[72.61968247466439,23.084716654531256],[72.61902108770497,23.089139532101264],[72.61416523190162,23.09084429353893],[72.60997118024038,23.088125882799563]]]},"properties":{"h3_index":"8842cc695dfffff","d_ta_c":-0.65,"intensity":0.498,"roads":0.29,"green":0.0,"water":0.299,"exposure":0.498,"vulnerability":0.813,"place":"Koteshwar","place_exact":true,"peak_hour":13,"wbgt_focus":30.6,"utci_focus":42.6,"risk_focus":0.318}},{"type":"Feature","geometry":{"type":"Polygon","coordinates":[[[72.59584964052813,23.05956583510515],[72.59651226393581,23.055144970347868],[72.60136603423888,23.053441681150804],[72.60555759815168,23.0561589624218],[72.60489556070208,23.06057992233593],[72.60004137336142,23.062283505850985],[72.59584964052813,23.05956583510515]]]},"properties":{"h3_index":"8842cc6961fffff","d_ta_c":0.15,"intensity":0.765,"roads":0.557,"green":0.002,"water":0.0,"exposure":0.765,"vulnerability":0.813,"place":"Shahibaug","place_exact":true,"peak_hour":13,"wbgt_focus":30.9,"utci_focus":43.7,"risk_focus":0.385}},{"type":"Feature","geometry":{"type":"Polygon","coordinates":[[[72.60489556070208,23.06057992233593],[72.60555759815168,23.0561589624218],[72.61041119292979,23.054455373924487],[72.61460316714198,23.05717245094749],[72.61394171571412,23.061593505877177],[72.60908770403216,23.063297388797064],[72.60489556070208,23.06057992233593]]]},"properties":{"h3_index":"8842cc6963fffff","d_ta_c":-0.4,"intensity":0.582,"roads":0.212,"green":0.002,"water":0.0,"exposure":0.582,"vulnerability":0.813,"place":"Meghaninagar","place_exact":true,"peak_hour":13,"wbgt_focus":30.7,"utci_focus":42.9,"risk_focus":0.34}},{"type":"Feature","geometry":{"type":"Polygon","coordinates":[[[72.59232111051146,23.0524274849461],[72.5929838961797,23.048007099835104],[72.59783724947644,23.046304104890986],[72.60202823409108,23.049021200833657],[72.60136603423888,23.053441681150804],[72.59651226393581,23.055144970347868],[72.59232111051146,23.0524274849461]]]},"properties":{"h3_index":"8842cc6965fffff","d_ta_c":0.3,"intensity":0.812,"roads":0.652,"green":0.006,"water":0.0,"exposure":0.812,"vulnerability":0.813,"place":"Girdharnagar","place_exact":true,"peak_hour":13,"wbgt_focus":31.0,"utci_focus":43.9,"risk_focus":0.396}},{"type":"Feature","geometry":{"type":"Polygon","coordinates":[[[72.60136603423888,23.053441681150804],[72.60202823409108,23.049021200833657],[72.60688141199653,23.04731790669384],[72.61107280690229,23.050034798542434],[72.61041119292979,23.054455373924487],[72.60555759815168,23.0561589624218],[72.60136603423888,23.053441681150804]]]},"properties":{"h3_index":"8842cc6967fffff","d_ta_c":0.17,"intensity":0.77,"roads":0.566,"green":0.0,"water":0.0,"exposure":0.77,"vulnerability":0.813,"place":"Asarwa","place_exact":true,"peak_hour":13,"wbgt_focus":30.9,"utci_focus":43.7,"risk_focus":0.386}},{"type":"Feature","geometry":{"type":"Polygon","coordinates":[[[72.59033223068587,23.065690368272882],[72.59099527778154,23.061269119191255],[72.59584964052813,23.05956583510515],[72.60004137336142,23.062283505850985],[72.5993789123022,23.06670485018146],[72.59452413235303,23.068408428546007],[72.59033223068587,23.065690368272882]]]},"properties":{"h3_index":"8842cc6969fffff","d_ta_c":-0.94,"intensity":0.401,"roads":0.511,"green":0.012,"water":0.786,"exposure":0.401,"vulnerability":0.813,"place":"Shahibaug","place_exact":true,"peak_hour":13,"wbgt_focus":30.4,"utci_focus":42.2,"risk_focus":0.291}},{"type":"Feature","geometry":{"type":"Polygon","coordinates":[[[72.5993789123022,23.06670485018146],[72.60004137336142,23.062283505850985],[72.60489556070208,23.06057992233593],[72.60908770403216,23.063297388797064],[72.60842582907311,23.067718828235066],[72.60357122466363,23.069422706133174],[72.5993789123022,23.06670485018146]]]},"properties":{"h3_index":"8842cc696bfffff","d_ta_c":-0.18,"intensity":0.652,"roads":0.343,"green":0.001,"water":0.0,"exposure":0.652,"vulnerability":0.813,"place":"Shahibaug","place_exact":false,"peak_hour":13,"wbgt_focus":30.8,"utci_focus":43.2,"risk_focus":0.358}},{"type":"Feature","geometry":{"type":"Polygon","coordinates":[[[72.58680395563411,23.058551244277975],[72.58746716493613,23.05413047481884],[72.59232111051146,23.0524274849461],[72.59651226393581,23.055144970347868],[72.59584964052813,23.05956583510515],[72.59099527778154,23.061269119191255],[72.58680395563411,23.058551244277975]]]},"properties":{"h3_index":"8842cc696dfffff","d_ta_c":0.26,"intensity":0.799,"roads":0.62,"green":0.0,"water":0.0,"exposure":0.799,"vulnerability":0.813,"place":"Shahibaug","place_exact":true,"peak_hour":13,"wbgt_focus":31.0,"utci_focus":43.8,"risk_focus":0.393}},{"type":"Feature","geometry":{"type":"Polygon","coordinates":[[[72.65168657422197,23.086048624102602],[72.65234577776295,23.0816258472164],[72.65719991711164,23.079920177042805],[72.6613952693601,23.082636988748302],[72.66073665252078,23.087059859935767],[72.65588209671131,23.088765825145305],[72.65168657422197,23.086048624102602]]]},"properties":{"h3_index":"8842cc69cdfffff","d_ta_c":0.71,"intensity":0.949,"roads":0.903,"green":0.0,"water":0.0,"exposure":0.949,"vulnerability":0.813,"place":"Naroda","place_exact":false,"peak_hour":13,"wbgt_focus":31.2,"utci_focus":44.4,"risk_focus":0.426}},{"type":"Feature","geometry":{"type":"Polygon","coordinates":[[[72.65366392477543,23.07278115742267],[72.65432286828079,23.068359244567823],[72.65917599787807,23.06665386498731],[72.66337060021486,23.069370103280352],[72.66271224319023,23.073792110394272],[72.65785869732807,23.075497784984904],[72.65366392477543,23.07278115742267]]]},"properties":{"h3_index":"8842cc69e9fffff","d_ta_c":0.27,"intensity":0.802,"roads":0.626,"green":0.0,"water":0.0,"exposure":0.802,"vulnerability":0.813,"place":"Naroda","place_exact":true,"peak_hour":13,"wbgt_focus":31.0,"utci_focus":43.8,"risk_focus":0.393}},{"type":"Feature","geometry":{"type":"Polygon","coordinates":[[[72.65012867530493,23.06564280128743],[72.65078778201105,23.061221367709024],[72.6556404953743,23.05951628307351],[72.65983451824545,23.062232337100212],[72.65917599787807,23.06665386498731],[72.65432286828079,23.068359244567823],[72.65012867530493,23.06564280128743]]]},"properties":{"h3_index":"8842cc69edfffff","d_ta_c":0.86,"intensity":1.0,"roads":1.0,"green":0.0,"water":0.0,"exposure":1.0,"vulnerability":0.813,"place":"Naroda","place_exact":true,"peak_hour":13,"wbgt_focus":31.2,"utci_focus":44.6,"risk_focus":0.436}},{"type":"Feature","geometry":{"type":"Polygon","coordinates":[[[72.57730215341043,23.09120835022033],[72.57796631023413,23.086785469383802],[72.58282286828423,23.085081907480905],[72.58701568721966,23.08780093221886],[72.58635211680969,23.09222390853117],[72.5814951410303,23.0939277646585],[72.57730215341043,23.09120835022033]]]},"properties":{"h3_index":"8842cc6b21fffff","d_ta_c":0.06,"intensity":0.733,"roads":0.495,"green":0.0,"water":0.0,"exposure":0.733,"vulnerability":0.813,"place":"Sabarmati","place_exact":true,"peak_hour":13,"wbgt_focus":30.9,"utci_focus":43.5,"risk_focus":0.377}},{"type":"Feature","geometry":{"type":"Polygon","coordinates":[[[72.58635211680969,23.09222390853117],[72.58701568721966,23.08780093221886],[72.59187207008769,23.08609707039616],[72.59606530012098,23.08881589058529],[72.59540231618865,23.09323896223187],[72.59054551572515,23.094943118383803],[72.58635211680969,23.09222390853117]]]},"properties":{"h3_index":"8842cc6b23fffff","d_ta_c":0.71,"intensity":0.949,"roads":0.904,"green":0.0,"water":0.0,"exposure":0.949,"vulnerability":0.813,"place":"Sabarmati","place_exact":true,"peak_hour":13,"wbgt_focus":31.2,"utci_focus":44.4,"risk_focus":0.426}},{"type":"Feature","geometry":{"type":"Polygon","coordinates":[[[72.57377390258571,23.084066240214433],[72.57443822154079,23.079643838855386],[72.57929436189309,23.0779405711119],[72.58348660096787,23.080659410596812],[72.58282286828423,23.085081907480905],[72.57796631023413,23.086785469383802],[72.57377390258571,23.084066240214433]]]},"properties":{"h3_index":"8842cc6b25fffff","d_ta_c":0.06,"intensity":0.734,"roads":0.497,"green":0.0,"water":0.0,"exposure":0.734,"vulnerability":0.813,"place":"Ranip","place_exact":true,"peak_hour":13,"wbgt_focus":30.9,"utci_focus":43.5,"risk_focus":0.378}},{"type":"Feature","geometry":{"type":"Polygon","coordinates":[[[72.58282286828423,23.085081907480905],[72.58348660096787,23.080659410596812],[72.5883425662718,23.07895584303827],[72.59253521643596,23.08167447812841],[72.59187207008769,23.08609707039616],[72.58701568721966,23.08780093221886],[72.58282286828423,23.085081907480905]]]},"properties":{"h3_index":"8842cc6b27fffff","d_ta_c":0.38,"intensity":0.84,"roads":0.697,"green":0.0,"water":0.0,"exposure":0.84,"vulnerability":0.813,"place":"Sabarmati","place_exact":true,"peak_hour":13,"wbgt_focus":31.0,"utci_focus":44.0,"risk_focus":0.402}},{"type":"Feature","geometry":{"type":"Polygon","coordinates":[[[72.57178042147186,23.09733517097182],[72.57244500256832,23.092911906299065],[72.57730215341043,23.09120835022033],[72.5814951410303,23.0939277646585],[72.58083114642592,23.098351124899146],[72.57597357768931,23.100054975162518],[72.57178042147186,23.09733517097182]]]},"properties":{"h3_index":"8842cc6b29fffff","d_ta_c":-0.08,"intensity":0.687,"roads":0.408,"green":0.0,"water":0.0,"exposure":0.687,"vulnerability":0.813,"place":"New Ranip","place_exact":false,"peak_hour":13,"wbgt_focus":30.8,"utci_focus":43.4,"risk_focus":0.366}},{"type":"Feature","geometry":{"type":"Polygon","coordinates":[[[72.58083114642592,23.098351124899146],[72.5814951410303,23.0939277646585],[72.58635211680969,23.09222390853117],[72.59054551572515,23.094943118383803],[72.5898821076768,23.099366574050883],[72.58502471413671,23.101070724467665],[72.58083114642592,23.098351124899146]]]},"properties":{"h3_index":"8842cc6b2bfffff","d_ta_c":0.61,"intensity":0.915,"roads":0.84,"green":0.0,"water":0.0,"exposure":0.915,"vulnerability":0.813,"place":"Sabarmati","place_exact":false,"peak_hour":13,"wbgt_focus":31.1,"utci_focus":44.3,"risk_focus":0.418}},{"type":"Feature","geometry":{"type":"Polygon","coordinates":[[[72.56825242643316,23.09019228739287],[72.56891716960658,23.08576950217353],[72.57377390258571,23.084066240214433],[72.57796631023413,23.086785469383802],[72.57730215341043,23.09120835022033],[72.57244500256832,23.092911906299065],[72.56825242643316,23.09019228739287]]]},"properties":{"h3_index":"8842cc6b2dfffff","d_ta_c":-0.21,"intensity":0.645,"roads":0.328,"green":0.0,"water":0.0,"exposure":0.645,"vulnerability":0.813,"place":"New Ranip","place_exact":false,"peak_hour":13,"wbgt_focus":30.8,"utci_focus":43.2,"risk_focus":0.356}},{"type":"Feature","geometry":{"type":"Polygon","coordinates":[[[72.59893330478204,23.100381518333567],[72.59959612621041,23.095957967381555],[72.60445275110489,23.094253511229127],[72.60864697204369,23.09697231155847],[72.60798473729906,23.10139595765386],[72.60312769491168,23.103100708305295],[72.59893330478204,23.100381518333567]]]},"properties":{"h3_index":"8842cc6b31fffff","d_ta_c":-0.41,"intensity":0.577,"roads":0.307,"green":0.0,"water":0.134,"exposure":0.577,"vulnerability":0.813,"place":"Koteshwar","place_exact":true,"peak_hour":13,"wbgt_focus":30.7,"utci_focus":42.9,"risk_focus":0.339}},{"type":"Feature","geometry":{"type":"Polygon","coordinates":[[[72.60798473729906,23.10139595765386],[72.60864697204369,23.09697231155847],[72.61350342111596,23.095267555429658],[72.61769805278237,23.097986150821278],[72.61703640478525,23.102409891918512],[72.61217953835406,23.104114942651066],[72.60798473729906,23.10139595765386]]]},"properties":{"h3_index":"8842cc6b33fffff","d_ta_c":-0.35,"intensity":0.596,"roads":0.254,"green":0.0,"water":0.023,"exposure":0.596,"vulnerability":0.813,"place":"Koteshwar","place_exact":true,"peak_hour":13,"wbgt_focus":30.7,"utci_focus":43.0,"risk_focus":0.344}},{"type":"Feature","geometry":{"type":"Polygon","coordinates":[[[72.59540231618865,23.09323896223187],[72.59606530012098,23.08881589058529],[72.60092150755383,23.087111728866798],[72.60511514849577,23.089830344389718],[72.60445275110489,23.094253511229127],[72.59959612621041,23.095957967381555],[72.59540231618865,23.09323896223187]]]},"properties":{"h3_index":"8842cc6b35fffff","d_ta_c":-0.87,"intensity":0.422,"roads":0.225,"green":0.065,"water":0.299,"exposure":0.422,"vulnerability":0.813,"place":"Sabarmati","place_exact":false,"peak_hour":13,"wbgt_focus":30.4,"utci_focus":42.3,"risk_focus":0.297}},{"type":"Feature","geometry":{"type":"Polygon","coordinates":[[[72.60445275110489,23.094253511229127],[72.60511514849577,23.089830344389718],[72.60997118024038,23.088125882799563],[72.61416523190162,23.09084429353893],[72.61350342111596,23.095267555429658],[72.60864697204369,23.09697231155847],[72.60445275110489,23.094253511229127]]]},"properties":{"h3_index":"8842cc6b37fffff","d_ta_c":-1.03,"intensity":0.371,"roads":0.068,"green":0.0,"water":0.323,"exposure":0.371,"vulnerability":0.813,"place":"Koteshwar","place_exact":true,"peak_hour":13,"wbgt_focus":30.4,"utci_focus":42.1,"risk_focus":0.281}},{"type":"Feature","geometry":{"type":"Polygon","coordinates":[[[72.5898821076768,23.099366574050883],[72.59054551572515,23.094943118383803],[72.59540231618865,23.09323896223187],[72.59959612621041,23.095957967381555],[72.59893330478204,23.100381518333567],[72.59407608669169,23.10208596887974],[72.5898821076768,23.099366574050883]]]},"properties":{"h3_index":"8842cc6b3dfffff","d_ta_c":0.52,"intensity":0.885,"roads":0.782,"green":0.0,"water":0.0,"exposure":0.885,"vulnerability":0.813,"place":"Sabarmati","place_exact":false,"peak_hour":13,"wbgt_focus":31.1,"utci_focus":44.1,"risk_focus":0.412}},{"type":"Feature","geometry":{"type":"Polygon","coordinates":[[[72.5536796822238,23.09530174916463],[72.5543454361121,23.090878676052032],[72.55920293632018,23.089175720142332],[72.56339510078149,23.091895543399033],[72.56272993325703,23.09631871236244],[72.55787201488711,23.098021962247056],[72.5536796822238,23.09530174916463]]]},"properties":{"h3_index":"8842cc6b65fffff","d_ta_c":0.09,"intensity":0.743,"roads":0.513,"green":0.0,"water":0.0,"exposure":0.743,"vulnerability":0.813,"place":"New Ranip","place_exact":true,"peak_hour":13,"wbgt_focus":30.9,"utci_focus":43.6,"risk_focus":0.38}},{"type":"Feature","geometry":{"type":"Polygon","coordinates":[[[72.56272993325703,23.09631871236244],[72.56339510078149,23.091895543399033],[72.56825242643316,23.09019228739287],[72.57244500256832,23.092911906299065],[72.57178042147186,23.09733517097182],[72.56692267779196,23.099038721057777],[72.56272993325703,23.09631871236244]]]},"properties":{"h3_index":"8842cc6b67fffff","d_ta_c":-0.32,"intensity":0.608,"roads":0.258,"green":0.0,"water":0.0,"exposure":0.608,"vulnerability":0.813,"place":"New Ranip","place_exact":true,"peak_hour":13,"wbgt_focus":30.7,"utci_focus":43.0,"risk_focus":0.347}},{"type":"Feature","geometry":{"type":"Polygon","coordinates":[[[72.5481554109669,23.101428155472128],[72.54882158941709,23.09700469882406],[72.5536796822238,23.09530174916463],[72.55787201488711,23.098021962247056],[72.55720642287895,23.102445514838163],[72.5523479117451,23.10414875843255],[72.5481554109669,23.101428155472128]]]},"properties":{"h3_index":"8842cc6b6dfffff","d_ta_c":-0.35,"intensity":0.595,"roads":0.234,"green":0.0,"water":0.0,"exposure":0.595,"vulnerability":0.813,"place":"New Ranip","place_exact":true,"peak_hour":13,"wbgt_focus":30.7,"utci_focus":43.0,"risk_focus":0.344}},{"type":"Feature","geometry":{"type":"Polygon","coordinates":[[[72.50487520386685,22.961734281175318],[72.50554284943287,22.957320138572168],[72.5103920662852,22.955622159653352],[72.51457405484415,22.95833803041633],[72.51390699307218,22.96275226951717],[72.50905735892688,22.96445054138599],[72.50487520386685,22.961734281175318]]]},"properties":{"h3_index":"8842cea281fffff","d_ta_c":-1.97,"intensity":0.058,"roads":0.019,"green":0.0,"water":1.0,"exposure":0.058,"vulnerability":0.813,"place":"Sarkhej","place_exact":false,"peak_hour":13,"wbgt_focus":29.9,"utci_focus":40.9,"risk_focus":0.142}},{"type":"Feature","geometry":{"type":"Polygon","coordinates":[[[72.51390699307218,22.96275226951717],[72.51457405484415,22.95833803041633],[72.5194230991627,22.956639753437862],[72.52360549884943,22.959355422534315],[72.52293902093575,22.96376975799227],[72.51808955945673,22.96546832802531],[72.51390699307218,22.96275226951717]]]},"properties":{"h3_index":"8842cea283fffff","d_ta_c":-2.0,"intensity":0.048,"roads":0.0,"green":0.0,"water":1.0,"exposure":0.048,"vulnerability":0.813,"place":"Quresh Nagar Society","place_exact":false,"peak_hour":13,"wbgt_focus":29.9,"utci_focus":40.8,"risk_focus":0.133}},{"type":"Feature","geometry":{"type":"Polygon","coordinates":[[[72.50136127218929,22.9546040662598],[72.50202907816897,22.950190404488552],[72.50687787776019,22.948492718454798],[72.5110592886125,22.95120840133588],[72.5103920662852,22.955622159653352],[72.50554284943287,22.957320138572168],[72.50136127218929,22.9546040662598]]]},"properties":{"h3_index":"8842cea285fffff","d_ta_c":-1.84,"intensity":0.101,"roads":0.099,"green":0.0,"water":1.0,"exposure":0.101,"vulnerability":0.813,"place":"Sarkhej","place_exact":false,"peak_hour":13,"wbgt_focus":30.0,"utci_focus":41.0,"risk_focus":0.172}},{"type":"Feature","geometry":{"type":"Polygon","coordinates":[[[72.5103920662852,22.955622159653352],[72.5110592886125,22.95120840133588],[72.51590791580234,22.94951041734701],[72.5200897377733,22.95222589871467],[72.5194230991627,22.956639753437862],[72.51457405484415,22.95833803041633],[72.5103920662852,22.955622159653352]]]},"properties":{"h3_index":"8842cea287fffff","d_ta_c":-2.0,"intensity":0.048,"roads":0.0,"green":0.0,"water":1.0,"exposure":0.048,"vulnerability":0.813,"place":"Quresh Nagar Society","place_exact":false,"peak_hour":13,"wbgt_focus":29.9,"utci_focus":40.8,"risk_focus":0.133}},{"type":"Feature","geometry":{"type":"Polygon","coordinates":[[[72.49935732837056,22.967846781630147],[72.50002539730714,22.963432254856542],[72.50487520386685,22.961734281175318],[72.50905735892688,22.96445054138599],[72.50838987386172,22.968865164749264],[72.50353964984475,22.97056343134084],[72.49935732837056,22.967846781630147]]]},"properties":{"h3_index":"8842cea289fffff","d_ta_c":-0.58,"intensity":0.519,"roads":0.089,"green":0.0,"water":0.0,"exposure":0.519,"vulnerability":0.813,"place":"Sarkhej","place_exact":false,"peak_hour":13,"wbgt_focus":30.6,"utci_focus":42.7,"risk_focus":0.324}},{"type":"Feature","geometry":{"type":"Polygon","coordinates":[[[72.50838987386172,22.968865164749264],[72.50905735892688,22.96445054138599],[72.51390699307218,22.96275226951717],[72.51808955945673,22.96546832802531],[72.51742265832728,22.969883047837676],[72.51257260685722,22.97158161272145],[72.50838987386172,22.968865164749264]]]},"properties":{"h3_index":"8842cea28bfffff","d_ta_c":-1.75,"intensity":0.129,"roads":0.151,"green":0.0,"water":1.0,"exposure":0.129,"vulnerability":0.813,"place":"Quresh Nagar Society","place_exact":false,"peak_hour":13,"wbgt_focus":30.0,"utci_focus":41.2,"risk_focus":0.187}},{"type":"Feature","geometry":{"type":"Polygon","coordinates":[[[72.49584365375917,22.96071579306055],[72.49651188305494,22.956301747095605],[72.50136127218929,22.9546040662598],[72.50554284943287,22.957320138572168],[72.50487520386685,22.961734281175318],[72.50002539730714,22.963432254856542],[72.49584365375917,22.96071579306055]]]},"properties":{"h3_index":"8842cea28dfffff","d_ta_c":-0.55,"intensity":0.531,"roads":0.113,"green":0.0,"water":0.0,"exposure":0.531,"vulnerability":0.813,"place":"Sarkhej","place_exact":false,"peak_hour":13,"wbgt_focus":30.6,"utci_focus":42.7,"risk_focus":0.327}},{"type":"Feature","geometry":{"type":"Polygon","coordinates":[[[72.52645568132769,22.970900430801585],[72.52712199845723,22.96648561468073],[72.53197128701814,22.96478674650693],[72.53615467548883,22.967502401258596],[72.53548894242338,22.971917313547298],[72.53063923680288,22.97361647494517],[72.52645568132769,22.970900430801585]]]},"properties":{"h3_index":"8842cea291fffff","d_ta_c":-0.53,"intensity":0.536,"roads":0.123,"green":0.0,"water":0.0,"exposure":0.536,"vulnerability":0.813,"place":"Quresh Nagar Society","place_exact":false,"peak_hour":13,"wbgt_focus":30.6,"utci_focus":42.8,"risk_focus":0.328}},{"type":"Feature","geometry":{"type":"Polygon","coordinates":[[[72.53548894242338,22.971917313547298],[72.53615467548883,22.967502401258596],[72.54100379087981,22.965803234967524],[72.54518759011196,22.96851868766527],[72.54452244117464,22.97293369598121],[72.53967290885679,22.97463315560085],[72.53548894242338,22.971917313547298]]]},"properties":{"h3_index":"8842cea293fffff","d_ta_c":-0.3,"intensity":0.613,"roads":0.269,"green":0.0,"water":0.0,"exposure":0.613,"vulnerability":0.813,"place":"Piplaj","place_exact":false,"peak_hour":13,"wbgt_focus":30.7,"utci_focus":43.1,"risk_focus":0.348}},{"type":"Feature","geometry":{"type":"Polygon","coordinates":[[[72.52293902093575,22.96376975799227],[72.52360549884943,22.959355422534315],[72.52845437038245,22.957656847519612],[72.5326371810094,22.96037231483242],[72.53197128701814,22.96478674650693],[72.52712199845723,22.96648561468073],[72.52293902093575,22.96376975799227]]]},"properties":{"h3_index":"8842cea295fffff","d_ta_c":-0.73,"intensity":0.471,"roads":0.0,"green":0.0,"water":0.0,"exposure":0.471,"vulnerability":0.813,"place":"Quresh Nagar Society","place_exact":false,"peak_hour":13,"wbgt_focus":30.5,"utci_focus":42.5,"risk_focus":0.311}},{"type":"Feature","geometry":{"type":"Polygon","coordinates":[[[72.53197128701814,22.96478674650693],[72.5326371810094,22.96037231483242],[72.53748587950511,22.95867344180497],[72.54166910088458,22.96138870721708],[72.54100379087981,22.965803234967524],[72.53615467548883,22.967502401258596],[72.53197128701814,22.96478674650693]]]},"properties":{"h3_index":"8842cea297fffff","d_ta_c":-0.41,"intensity":0.577,"roads":0.201,"green":0.0,"water":0.0,"exposure":0.577,"vulnerability":0.813,"place":"Piplaj","place_exact":false,"peak_hour":13,"wbgt_focus":30.7,"utci_focus":42.9,"risk_focus":0.339}},{"type":"Feature","geometry":{"type":"Polygon","coordinates":[[[72.52093906225677,22.97701449440613],[72.52160580265648,22.972599293954158],[72.52645568132769,22.970900430801585],[72.53063923680288,22.97361647494517],[72.5299730805448,22.978031771656962],[72.52512278464965,22.979730927994016],[72.52093906225677,22.97701449440613]]]},"properties":{"h3_index":"8842cea299fffff","d_ta_c":-1.96,"intensity":0.06,"roads":0.021,"green":0.0,"water":1.0,"exposure":0.06,"vulnerability":0.813,"place":"Quresh Nagar Society","place_exact":false,"peak_hour":13,"wbgt_focus":29.9,"utci_focus":40.9,"risk_focus":0.143}},{"type":"Feature","geometry":{"type":"Polygon","coordinates":[[[72.5299730805448,22.978031771656962],[72.53063923680288,22.97361647494517],[72.53548894242338,22.971917313547298],[72.53967290885679,22.97463315560085],[72.53900733680446,22.979048548431784],[72.53415721409272,22.980748003118705],[72.5299730805448,22.978031771656962]]]},"properties":{"h3_index":"8842cea29bfffff","d_ta_c":-1.95,"intensity":0.065,"roads":0.031,"green":0.0,"water":1.0,"exposure":0.065,"vulnerability":0.813,"place":"Quresh Nagar Society","place_exact":false,"peak_hour":13,"wbgt_focus":29.9,"utci_focus":40.9,"risk_focus":0.147}},{"type":"Feature","geometry":{"type":"Polygon","coordinates":[[[72.51742265832728,22.969883047837676],[72.51808955945673,22.96546832802531],[72.52293902093575,22.96376975799227],[72.52712199845723,22.96648561468073],[72.52645568132769,22.970900430801585],[72.52160580265648,22.972599293954158],[72.51742265832728,22.969883047837676]]]},"properties":{"h3_index":"8842cea29dfffff","d_ta_c":-1.98,"intensity":0.055,"roads":0.012,"green":0.0,"water":1.0,"exposure":0.055,"vulnerability":0.813,"place":"Quresh Nagar Society","place_exact":false,"peak_hour":13,"wbgt_focus":29.9,"utci_focus":40.9,"risk_focus":0.139}},{"type":"Feature","geometry":{"type":"Polygon","coordinates":[[[72.5194230991627,22.956639753437862],[72.5200897377733,22.95222589871467],[72.52493819231012,22.950527616794094],[72.52912042521223,22.95324289653122],[72.52845437038245,22.957656847519612],[72.52360549884943,22.959355422534315],[72.5194230991627,22.956639753437862]]]},"properties":{"h3_index":"8842cea2b9fffff","d_ta_c":-0.73,"intensity":0.471,"roads":0.0,"green":0.0,"water":0.0,"exposure":0.471,"vulnerability":0.813,"place":"Quresh Nagar Society","place_exact":false,"peak_hour":13,"wbgt_focus":30.5,"utci_focus":42.5,"risk_focus":0.311}},{"type":"Feature","geometry":{"type":"Polygon","coordinates":[[[72.52845437038245,22.957656847519612],[72.52912042521223,22.95324289653122],[72.5339687068443,22.951544316702353],[72.53815135048997,22.954259394691928],[72.53748587950511,22.95867344180497],[72.5326371810094,22.96037231483242],[72.52845437038245,22.957656847519612]]]},"properties":{"h3_index":"8842cea2bbfffff","d_ta_c":-2.0,"intensity":0.048,"roads":0.0,"green":0.0,"water":1.0,"exposure":0.048,"vulnerability":0.813,"place":"Piplaj","place_exact":false,"peak_hour":13,"wbgt_focus":29.9,"utci_focus":40.8,"risk_focus":0.133}},{"type":"Feature","geometry":{"type":"Polygon","coordinates":[[[72.50638689291739,22.982110764515152],[72.50705464087405,22.977695276339844],[72.51190528238013,22.975996716772972],[72.51608859343017,22.978713352369823],[72.51542142962839,22.98312893703762],[72.51057037060134,22.98482778964473],[72.50638689291739,22.982110764515152]]]},"properties":{"h3_index":"8842cea2d1fffff","d_ta_c":0.01,"intensity":0.716,"roads":0.464,"green":0.0,"water":0.0,"exposure":0.716,"vulnerability":0.813,"place":"Quresh Nagar Society","place_exact":false,"peak_hour":13,"wbgt_focus":30.9,"utci_focus":43.5,"risk_focus":0.373}},{"type":"Feature","geometry":{"type":"Polygon","coordinates":[[[72.51542142962839,22.98312893703762],[72.51608859343017,22.978713352369823],[72.52093906225677,22.97701449440613],[72.52512278464965,22.979730927994016],[72.52445620506701,22.98414660901363],[72.51960531885206,22.98584576012218],[72.51542142962839,22.98312893703762]]]},"properties":{"h3_index":"8842cea2d3fffff","d_ta_c":0.11,"intensity":0.751,"roads":0.53,"green":0.0,"water":0.0,"exposure":0.751,"vulnerability":0.813,"place":"Quresh Nagar Society","place_exact":false,"peak_hour":13,"wbgt_focus":30.9,"utci_focus":43.6,"risk_focus":0.382}},{"type":"Feature","geometry":{"type":"Polygon","coordinates":[[[72.50287174135454,22.974978438851256],[72.50353964984475,22.97056343134084],[72.50838987386172,22.968865164749264],[72.51257260685722,22.97158161272145],[72.51190528238013,22.975996716772972],[72.50705464087405,22.977695276339844],[72.50287174135454,22.974978438851256]]]},"properties":{"h3_index":"8842cea2d5fffff","d_ta_c":-0.15,"intensity":0.663,"roads":0.362,"green":0.0,"water":0.0,"exposure":0.663,"vulnerability":0.813,"place":"Sarkhej","place_exact":false,"peak_hour":13,"wbgt_focus":30.8,"utci_focus":43.3,"risk_focus":0.361}},{"type":"Feature","geometry":{"type":"Polygon","coordinates":[[[72.51190528238013,22.975996716772972],[72.51257260685722,22.97158161272145],[72.51742265832728,22.969883047837676],[72.52160580265648,22.972599293954158],[72.52093906225677,22.97701449440613],[72.51608859343017,22.978713352369823],[72.51190528238013,22.975996716772972]]]},"properties":{"h3_index":"8842cea2d7fffff","d_ta_c":-1.44,"intensity":0.233,"roads":0.349,"green":0.0,"water":1.0,"exposure":0.233,"vulnerability":0.813,"place":"Quresh Nagar Society","place_exact":false,"peak_hour":13,"wbgt_focus":30.2,"utci_focus":41.6,"risk_focus":0.234}},{"type":"Feature","geometry":{"type":"Polygon","coordinates":[[[72.5008674897622,22.98822519078107],[72.50153566133034,22.983809318597395],[72.50638689291739,22.982110764515152],[72.51057037060134,22.98482778964473],[72.50990278326552,22.98924375841293],[72.50505113399308,22.990942605495675],[72.5008674897622,22.98822519078107]]]},"properties":{"h3_index":"8842cea2d9fffff","d_ta_c":0.24,"intensity":0.794,"roads":0.61,"green":0.0,"water":0.0,"exposure":0.794,"vulnerability":0.813,"place":"Makarba","place_exact":true,"peak_hour":13,"wbgt_focus":31.0,"utci_focus":43.8,"risk_focus":0.391}},{"type":"Feature","geometry":{"type":"Polygon","coordinates":[[[72.50990278326552,22.98924375841293],[72.51057037060134,22.98482778964473],[72.51542142962839,22.98312893703762],[72.51960531885206,22.98584576012218],[72.5189383158129,22.99026182533422],[72.51408683923307,22.99196097104651],[72.50990278326552,22.98924375841293]]]},"properties":{"h3_index":"8842cea2dbfffff","d_ta_c":0.86,"intensity":1.0,"roads":1.0,"green":0.0,"water":0.0,"exposure":1.0,"vulnerability":0.813,"place":"Quresh Nagar Society","place_exact":true,"peak_hour":13,"wbgt_focus":31.2,"utci_focus":44.6,"risk_focus":0.436}},{"type":"Feature","geometry":{"type":"Polygon","coordinates":[[[72.49735259537383,22.981092091540102],[72.49802092742098,22.97667669999792],[72.50287174135454,22.974978438851256],[72.50705464087405,22.977695276339844],[72.50638689291739,22.982110764515152],[72.50153566133034,22.983809318597395],[72.49735259537383,22.981092091540102]]]},"properties":{"h3_index":"8842cea2ddfffff","d_ta_c":-0.14,"intensity":0.666,"roads":0.401,"green":0.0,"water":0.04,"exposure":0.666,"vulnerability":0.813,"place":"Sarkhej","place_exact":true,"peak_hour":13,"wbgt_focus":30.8,"utci_focus":43.3,"risk_focus":0.361}},{"type":"Feature","geometry":{"type":"Polygon","coordinates":[[[72.63134181061305,22.975940596073062],[72.63200127724723,22.9715251153012],[72.63684805571845,22.969822965699848],[72.64103578296698,22.972536002488145],[72.6403769010186,22.976951577787847],[72.6355297071159,22.97865402180015],[72.63134181061305,22.975940596073062]]]},"properties":{"h3_index":"8842cea401fffff","d_ta_c":-0.2,"intensity":0.646,"roads":0.33,"green":0.0,"water":0.0,"exposure":0.646,"vulnerability":0.813,"place":"Ramol -Jantanagar","place_exact":false,"peak_hour":13,"wbgt_focus":30.8,"utci_focus":43.2,"risk_focus":0.356}},{"type":"Feature","geometry":{"type":"Polygon","coordinates":[[[72.6403769010186,22.976951577787847],[72.64103578296698,22.972536002488145],[72.64588238538028,22.970833555160407],[72.65007052112324,22.973546388646046],[72.64941222392373,22.977962058332704],[72.64456520621245,22.979664800175513],[72.6403769010186,22.976951577787847]]]},"properties":{"h3_index":"8842cea403fffff","d_ta_c":0.02,"intensity":0.719,"roads":0.473,"green":0.0,"water":0.004,"exposure":0.719,"vulnerability":0.813,"place":"Ramol -Jantanagar","place_exact":false,"peak_hour":13,"wbgt_focus":30.9,"utci_focus":43.5,"risk_focus":0.374}},{"type":"Feature","geometry":{"type":"Polygon","coordinates":[[[72.6278139586817,22.96881187532686],[72.62847358771113,22.964396874702803],[72.63331995078174,22.96269501944728],[72.63750710020352,22.965407870498723],[72.63684805571845,22.969822965699848],[72.63200127724723,22.9715251153012],[72.6278139586817,22.96881187532686]]]},"properties":{"h3_index":"8842cea405fffff","d_ta_c":-0.12,"intensity":0.675,"roads":0.385,"green":0.0,"water":0.0,"exposure":0.675,"vulnerability":0.813,"place":"Ramol -Jantanagar","place_exact":false,"peak_hour":13,"wbgt_focus":30.8,"utci_focus":43.3,"risk_focus":0.363}},{"type":"Feature","geometry":{"type":"Polygon","coordinates":[[[72.63684805571845,22.969822965699848],[72.63750710020352,22.965407870498723],[72.64235328734965,22.963705717620922],[72.64654084525792,22.966418365523047],[72.64588238538028,22.970833555160407],[72.64103578296698,22.972536002488145],[72.63684805571845,22.969822965699848]]]},"properties":{"h3_index":"8842cea407fffff","d_ta_c":-0.23,"intensity":0.636,"roads":0.311,"green":0.0,"water":0.0,"exposure":0.636,"vulnerability":0.813,"place":"Ramol -Jantanagar","place_exact":false,"peak_hour":13,"wbgt_focus":30.7,"utci_focus":43.2,"risk_focus":0.354}},{"type":"Feature","geometry":{"type":"Polygon","coordinates":[[[72.62583455185536,22.98205860845851],[72.62649444077071,22.977642742230643],[72.63134181061305,22.975940596073062],[72.6355297071159,22.97865402180015],[72.63487040296468,22.983069982647496],[72.63002261752648,22.984772423177017],[72.62583455185536,22.98205860845851]]]},"properties":{"h3_index":"8842cea409fffff","d_ta_c":0.3,"intensity":0.813,"roads":0.667,"green":0.017,"water":0.0,"exposure":0.813,"vulnerability":0.813,"place":"Ramol -Jantanagar","place_exact":false,"peak_hour":13,"wbgt_focus":31.0,"utci_focus":43.9,"risk_focus":0.396}},{"type":"Feature","geometry":{"type":"Polygon","coordinates":[[[72.63487040296468,22.983069982647496],[72.6355297071159,22.97865402180015],[72.6403769010186,22.976951577787847],[72.64456520621245,22.979664800175513],[72.6439064868885,22.984080855501425],[72.63905887752344,22.98578359398983],[72.63487040296468,22.983069982647496]]]},"properties":{"h3_index":"8842cea40bfffff","d_ta_c":0.22,"intensity":0.786,"roads":0.595,"green":0.0,"water":0.0,"exposure":0.786,"vulnerability":0.813,"place":"Ramol -Jantanagar","place_exact":true,"peak_hour":13,"wbgt_focus":30.9,"utci_focus":43.8,"risk_focus":0.39}},{"type":"Feature","geometry":{"type":"Polygon","coordinates":[[[72.62230695314747,22.974929113280812],[72.62296700440427,22.97051372717763],[72.6278139586817,22.96881187532686],[72.63200127724723,22.9715251153012],[72.63134181061305,22.975940596073062],[72.62649444077071,22.977642742230643],[72.62230695314747,22.974929113280812]]]},"properties":{"h3_index":"8842cea40dfffff","d_ta_c":0.08,"intensity":0.739,"roads":0.506,"green":0.0,"water":0.0,"exposure":0.739,"vulnerability":0.813,"place":"Dalal Colony","place_exact":false,"peak_hour":13,"wbgt_focus":30.9,"utci_focus":43.6,"risk_focus":0.379}},{"type":"Feature","geometry":{"type":"Polygon","coordinates":[[[72.65294280318628,22.985091226927864],[72.6536009376199,22.98067507726431],[72.65844777888805,22.978972037615282],[72.66263690089778,22.98168485297421],[72.66197935141747,22.986101096834457],[72.65713209495419,22.987804431167824],[72.65294280318628,22.985091226927864]]]},"properties":{"h3_index":"8842cea411fffff","d_ta_c":-0.31,"intensity":0.609,"roads":0.311,"green":0.01,"water":0.049,"exposure":0.609,"vulnerability":0.813,"place":"Ramol -Jantanagar","place_exact":false,"peak_hour":13,"wbgt_focus":30.7,"utci_focus":43.0,"risk_focus":0.347}},{"type":"Feature","geometry":{"type":"Polygon","coordinates":[[[72.64941222392373,22.977962058332704],[72.65007052112324,22.973546388646046],[72.65491694722701,22.971843643616175],[72.6591054912757,22.974556273682563],[72.65844777888805,22.978972037615282],[72.6536009376199,22.98067507726431],[72.64941222392373,22.977962058332704]]]},"properties":{"h3_index":"8842cea415fffff","d_ta_c":-0.25,"intensity":0.631,"roads":0.313,"green":0.0,"water":0.014,"exposure":0.631,"vulnerability":0.813,"place":"Ramol -Jantanagar","place_exact":false,"peak_hour":13,"wbgt_focus":30.7,"utci_focus":43.1,"risk_focus":0.353}},{"type":"Feature","geometry":{"type":"Polygon","coordinates":[[[72.64743681353447,22.991210798630554],[72.64809537014621,22.986794263350895],[72.65294280318628,22.985091226927864],[72.65713209495419,22.987804431167824],[72.65647412337428,22.992221060735773],[72.65162627497466,22.9939243918042],[72.64743681353447,22.991210798630554]]]},"properties":{"h3_index":"8842cea419fffff","d_ta_c":0.17,"intensity":0.769,"roads":0.586,"green":0.015,"water":0.006,"exposure":0.769,"vulnerability":0.813,"place":"Ramol -Jantanagar","place_exact":true,"peak_hour":13,"wbgt_focus":30.9,"utci_focus":43.7,"risk_focus":0.386}},{"type":"Feature","geometry":{"type":"Polygon","coordinates":[[[72.6439064868885,22.984080855501425],[72.64456520621245,22.979664800175513],[72.64941222392373,22.977962058332704],[72.6536009376199,22.98067507726431],[72.65294280318628,22.985091226927864],[72.64809537014621,22.986794263350895],[72.6439064868885,22.984080855501425]]]},"properties":{"h3_index":"8842cea41dfffff","d_ta_c":0.01,"intensity":0.717,"roads":0.464,"green":0.0,"water":0.0,"exposure":0.717,"vulnerability":0.813,"place":"Ramol -Jantanagar","place_exact":true,"peak_hour":13,"wbgt_focus":30.9,"utci_focus":43.5,"risk_focus":0.373}},{"type":"Feature","geometry":{"type":"Polygon","coordinates":[[[72.62979258600224,22.955567739239825],[72.63045195529766,22.95115360445263],[72.63529731200195,22.949452040279247],[72.63948371459632,22.95216431660214],[72.6388249296256,22.956578545924003],[72.6339791577158,22.95828040441702],[72.62979258600224,22.955567739239825]]]},"properties":{"h3_index":"8842cea421fffff","d_ta_c":-0.08,"intensity":0.687,"roads":0.408,"green":0.0,"water":0.0,"exposure":0.687,"vulnerability":0.813,"place":"Ramol -Jantanagar","place_exact":false,"peak_hour":13,"wbgt_focus":30.8,"utci_focus":43.4,"risk_focus":0.366}},{"type":"Feature","geometry":{"type":"Polygon","coordinates":[[[72.6388249296256,22.956578545924003],[72.63948371459632,22.95216431660214],[72.64432889539137,22.95046245503878],[72.64851570626787,22.953174528402357],[72.64785750568485,22.957588852118167],[72.64301190981769,22.95929100810518],[72.6388249296256,22.956578545924003]]]},"properties":{"h3_index":"8842cea423fffff","d_ta_c":-0.47,"intensity":0.558,"roads":0.214,"green":0.0,"water":0.062,"exposure":0.558,"vulnerability":0.813,"place":"Ramol -Jantanagar","place_exact":false,"peak_hour":13,"wbgt_focus":30.6,"utci_focus":42.8,"risk_focus":0.334}},{"type":"Feature","geometry":{"type":"Polygon","coordinates":[[[72.62428684696435,22.961683820618656],[72.62494663830137,22.95726930021465],[72.62979258600224,22.955567739239825],[72.6339791577158,22.95828040441702],[72.63331995078174,22.96269501944728],[72.62847358771113,22.964396874702803],[72.62428684696435,22.961683820618656]]]},"properties":{"h3_index":"8842cea429fffff","d_ta_c":0.37,"intensity":0.838,"roads":0.693,"green":0.0,"water":0.0,"exposure":0.838,"vulnerability":0.813,"place":"Ramol -Jantanagar","place_exact":false,"peak_hour":13,"wbgt_focus":31.0,"utci_focus":44.0,"risk_focus":0.401}},{"type":"Feature","geometry":{"type":"Polygon","coordinates":[[[72.63331995078174,22.96269501944728],[72.6339791577158,22.95828040441702],[72.6388249296256,22.956578545924003],[72.64301190981769,22.95929100810518],[72.64235328734965,22.963705717620922],[72.63750710020352,22.965407870498723],[72.63331995078174,22.96269501944728]]]},"properties":{"h3_index":"8842cea42bfffff","d_ta_c":-0.24,"intensity":0.634,"roads":0.308,"green":0.0,"water":0.0,"exposure":0.634,"vulnerability":0.813,"place":"Ramol -Jantanagar","place_exact":false,"peak_hour":13,"wbgt_focus":30.7,"utci_focus":43.1,"risk_focus":0.353}},{"type":"Feature","geometry":{"type":"Polygon","coordinates":[[[72.62076047525473,22.954556432158014],[72.62142042881173,22.95014239204624],[72.6262659611738,22.94844112528696],[72.63045195529766,22.95115360445263],[72.62979258600224,22.955567739239825],[72.62494663830137,22.95726930021465],[72.62076047525473,22.954556432158014]]]},"properties":{"h3_index":"8842cea42dfffff","d_ta_c":0.52,"intensity":0.885,"roads":0.783,"green":0.0,"water":0.0,"exposure":0.885,"vulnerability":0.813,"place":"Isanpur","place_exact":false,"peak_hour":13,"wbgt_focus":31.1,"utci_focus":44.2,"risk_focus":0.412}},{"type":"Feature","geometry":{"type":"Polygon","coordinates":[[[72.65138685622802,22.964715915047183],[72.65204489416698,22.96030111118677],[72.65689031374004,22.95859865773],[72.66107811032359,22.96131071356951],[72.66042065697664,22.965725611633786],[72.65557482243418,22.967428359683428],[72.65138685622802,22.964715915047183]]]},"properties":{"h3_index":"8842cea431fffff","d_ta_c":-0.36,"intensity":0.592,"roads":0.228,"green":0.0,"water":0.0,"exposure":0.592,"vulnerability":0.813,"place":"Ramol -Jantanagar","place_exact":false,"peak_hour":13,"wbgt_focus":30.7,"utci_focus":43.0,"risk_focus":0.343}},{"type":"Feature","geometry":{"type":"Polygon","coordinates":[[[72.64785750568485,22.957588852118167],[72.64851570626787,22.953174528402357],[72.65336071090223,22.951472369473294],[72.65754792987235,22.954184239761044],[72.65689031374004,22.95859865773],[72.65204489416698,22.96030111118677],[72.64785750568485,22.957588852118167]]]},"properties":{"h3_index":"8842cea435fffff","d_ta_c":-0.16,"intensity":0.661,"roads":0.358,"green":0.0,"water":0.0,"exposure":0.661,"vulnerability":0.813,"place":"Ramol -Jantanagar","place_exact":false,"peak_hour":13,"wbgt_focus":30.8,"utci_focus":43.3,"risk_focus":0.36}},{"type":"Feature","geometry":{"type":"Polygon","coordinates":[[[72.64588238538028,22.970833555160407],[72.64654084525792,22.966418365523047],[72.65138685622802,22.964715915047183],[72.65557482243418,22.967428359683428],[72.65491694722701,22.971843643616175],[72.65007052112324,22.973546388646046],[72.64588238538028,22.970833555160407]]]},"properties":{"h3_index":"8842cea439fffff","d_ta_c":-0.28,"intensity":0.622,"roads":0.284,"green":0.0,"water":0.0,"exposure":0.622,"vulnerability":0.813,"place":"Ramol -Jantanagar","place_exact":false,"peak_hour":13,"wbgt_focus":30.7,"utci_focus":43.1,"risk_focus":0.35}},{"type":"Feature","geometry":{"type":"Polygon","coordinates":[[[72.65491694722701,22.971843643616175],[72.65557482243418,22.967428359683428],[72.66042065697664,22.965725611633786],[72.66460903129204,22.96843785288761],[72.66395174081823,22.972853230974877],[72.6591054912757,22.974556273682563],[72.65491694722701,22.971843643616175]]]},"properties":{"h3_index":"8842cea43bfffff","d_ta_c":-0.38,"intensity":0.586,"roads":0.217,"green":0.0,"water":0.0,"exposure":0.586,"vulnerability":0.813,"place":"Ramol -Jantanagar","place_exact":false,"peak_hour":13,"wbgt_focus":30.7,"utci_focus":43.0,"risk_focus":0.341}},{"type":"Feature","geometry":{"type":"Polygon","coordinates":[[[72.64235328734965,22.963705717620922],[72.64301190981769,22.95929100810518],[72.64785750568485,22.957588852118167],[72.65204489416698,22.96030111118677],[72.65138685622802,22.964715915047183],[72.64654084525792,22.966418365523047],[72.64235328734965,22.963705717620922]]]},"properties":{"h3_index":"8842cea43dfffff","d_ta_c":-0.18,"intensity":0.653,"roads":0.343,"green":0.0,"water":0.0,"exposure":0.653,"vulnerability":0.813,"place":"Ramol -Jantanagar","place_exact":false,"peak_hour":13,"wbgt_focus":30.8,"utci_focus":43.2,"risk_focus":0.358}},{"type":"Feature","geometry":{"type":"Polygon","coordinates":[[[72.61128990106421,22.987164734283258],[72.61195079717199,22.982748577566245],[72.616798934001,22.981046733027046],[72.62098659059585,22.983760751004944],[72.6203262792672,22.98817700257401],[72.61547772654453,22.989879141341838],[72.61128990106421,22.987164734283258]]]},"properties":{"h3_index":"8842cea441fffff","d_ta_c":0.83,"intensity":0.99,"roads":1.0,"green":0.0,"water":0.024,"exposure":0.99,"vulnerability":0.813,"place":"Dalal Colony","place_exact":true,"peak_hour":13,"wbgt_focus":31.2,"utci_focus":44.6,"risk_focus":0.434}},{"type":"Feature","geometry":{"type":"Polygon","coordinates":[[[72.6203262792672,22.98817700257401],[72.62098659059585,22.983760751004944],[72.62583455185536,22.98205860845851],[72.63002261752648,22.984772423177017],[72.62936289104029,22.9891887694572],[72.6245145140205,22.990891206336496],[72.6203262792672,22.98817700257401]]]},"properties":{"h3_index":"8842cea443fffff","d_ta_c":0.86,"intensity":0.999,"roads":1.0,"green":0.001,"water":0.0,"exposure":0.999,"vulnerability":0.813,"place":"Dalal Colony","place_exact":false,"peak_hour":13,"wbgt_focus":31.2,"utci_focus":44.6,"risk_focus":0.436}},{"type":"Feature","geometry":{"type":"Polygon","coordinates":[[[72.60776354984195,22.980034356445667],[72.60842460809579,22.97561867987933],[72.61327232906214,22.973917129503644],[72.61745940761723,22.9766309615595],[72.616798934001,22.981046733027046],[72.61195079717199,22.982748577566245],[72.60776354984195,22.980034356445667]]]},"properties":{"h3_index":"8842cea445fffff","d_ta_c":0.86,"intensity":1.0,"roads":1.0,"green":0.0,"water":0.0,"exposure":1.0,"vulnerability":0.813,"place":"Dalal Colony","place_exact":false,"peak_hour":13,"wbgt_focus":31.2,"utci_focus":44.6,"risk_focus":0.436}},{"type":"Feature","geometry":{"type":"Polygon","coordinates":[[[72.616798934001,22.981046733027046],[72.61745940761723,22.9766309615595],[72.62230695314747,22.974929113280812],[72.62649444077071,22.977642742230643],[72.62583455185536,22.98205860845851],[72.62098659059585,22.983760751004944],[72.616798934001,22.981046733027046]]]},"properties":{"h3_index":"8842cea447fffff","d_ta_c":0.81,"intensity":0.982,"roads":0.97,"green":0.004,"water":0.0,"exposure":0.982,"vulnerability":0.813,"place":"Dalal Colony","place_exact":false,"peak_hour":13,"wbgt_focus":31.2,"utci_focus":44.5,"risk_focus":0.433}},{"type":"Feature","geometry":{"type":"Polygon","coordinates":[[[72.60577985415912,22.99328311676707],[72.60644117289054,22.988866574915516],[72.61128990106421,22.987164734283258],[72.61547772654453,22.989879141341838],[72.61481699267047,22.994295778137158],[72.60996784843866,22.99599791295886],[72.60577985415912,22.99328311676707]]]},"properties":{"h3_index":"8842cea449fffff","d_ta_c":0.4,"intensity":0.846,"roads":0.729,"green":0.017,"water":0.0,"exposure":0.846,"vulnerability":0.813,"place":"Dalal Colony","place_exact":true,"peak_hour":13,"wbgt_focus":31.0,"utci_focus":44.0,"risk_focus":0.403}},{"type":"Feature","geometry":{"type":"Polygon","coordinates":[[[72.61481699267047,22.994295778137158],[72.61547772654453,22.989879141341838],[72.6203262792672,22.98817700257401],[72.6245145140205,22.990891206336496],[72.6238543650672,22.995307937934662],[72.6190053964198,22.997010370996215],[72.61481699267047,22.994295778137158]]]},"properties":{"h3_index":"8842cea44bfffff","d_ta_c":0.69,"intensity":0.942,"roads":0.895,"green":0.005,"water":0.0,"exposure":0.942,"vulnerability":0.813,"place":"Dalal Colony","place_exact":true,"peak_hour":13,"wbgt_focus":31.2,"utci_focus":44.4,"risk_focus":0.424}},{"type":"Feature","geometry":{"type":"Polygon","coordinates":[[[72.60225375687176,22.986151964677685],[72.60291523769531,22.981735902953574],[72.60776354984195,22.980034356445667],[72.61195079717199,22.982748577566245],[72.61128990106421,22.987164734283258],[72.60644117289054,22.988866574915516],[72.60225375687176,22.986151964677685]]]},"properties":{"h3_index":"8842cea44dfffff","d_ta_c":0.86,"intensity":1.0,"roads":1.0,"green":0.0,"water":0.0,"exposure":1.0,"vulnerability":0.813,"place":"Uttamnagar","place_exact":true,"peak_hour":13,"wbgt_focus":31.2,"utci_focus":44.6,"risk_focus":0.436}},{"type":"Feature","geometry":{"type":"Polygon","coordinates":[[[72.63289197090866,22.996319596066854],[72.63355153487795,22.991902769806817],[72.63839973594291,22.990200034840225],[72.64258878867624,22.992913831660207],[72.64192980975416,22.997330752441155],[72.63708119303155,22.999033781909958],[72.63289197090866,22.996319596066854]]]},"properties":{"h3_index":"8842cea451fffff","d_ta_c":0.55,"intensity":0.896,"roads":0.802,"green":0.0,"water":0.0,"exposure":0.896,"vulnerability":0.813,"place":"Rabari Colony","place_exact":true,"peak_hour":13,"wbgt_focus":31.1,"utci_focus":44.2,"risk_focus":0.414}},{"type":"Feature","geometry":{"type":"Polygon","coordinates":[[[72.64192980975416,22.997330752441155],[72.64258878867624,22.992913831660207],[72.64743681353447,22.991210798630554],[72.65162627497466,22.9939243918042],[72.65096788116296,22.998341406965054],[72.64611944078071,23.0000447346011],[72.64192980975416,22.997330752441155]]]},"properties":{"h3_index":"8842cea453fffff","d_ta_c":0.3,"intensity":0.813,"roads":0.658,"green":0.01,"water":0.0,"exposure":0.813,"vulnerability":0.813,"place":"Ramol -Jantanagar","place_exact":true,"peak_hour":13,"wbgt_focus":31.0,"utci_focus":43.9,"risk_focus":0.396}},{"type":"Feature","geometry":{"type":"Polygon","coordinates":[[[72.62936289104029,22.9891887694572],[72.63002261752648,22.984772423177017],[72.63487040296468,22.983069982647496],[72.63905887752344,22.98578359398983],[72.63839973594291,22.990200034840225],[72.63355153487795,22.991902769806817],[72.62936289104029,22.9891887694572]]]},"properties":{"h3_index":"8842cea455fffff","d_ta_c":0.68,"intensity":0.94,"roads":0.889,"green":0.003,"water":0.0,"exposure":0.94,"vulnerability":0.813,"place":"Ramol -Jantanagar","place_exact":true,"peak_hour":13,"wbgt_focus":31.2,"utci_focus":44.4,"risk_focus":0.424}},{"type":"Feature","geometry":{"type":"Polygon","coordinates":[[[72.63839973594291,22.990200034840225],[72.63905887752344,22.98578359398983],[72.6439064868885,22.984080855501425],[72.64809537014621,22.986794263350895],[72.64743681353447,22.991210798630554],[72.64258878867624,22.992913831660207],[72.63839973594291,22.990200034840225]]]},"properties":{"h3_index":"8842cea457fffff","d_ta_c":0.03,"intensity":0.723,"roads":0.579,"green":0.03,"water":0.083,"exposure":0.723,"vulnerability":0.813,"place":"Ramol -Jantanagar","place_exact":true,"peak_hour":13,"wbgt_focus":30.9,"utci_focus":43.5,"risk_focus":0.375}},{"type":"Feature","geometry":{"type":"Polygon","coordinates":[[[72.62738319160742,23.002439538898894],[72.62804317809767,22.99802232734413],[72.63289197090866,22.996319596066854],[72.63708119303155,22.999033781909958],[72.63642179166696,23.003451088077306],[72.6315725830338,23.005154113817692],[72.62738319160742,23.002439538898894]]]},"properties":{"h3_index":"8842cea459fffff","d_ta_c":0.72,"intensity":0.952,"roads":0.909,"green":0.0,"water":0.0,"exposure":0.952,"vulnerability":0.813,"place":"Rabari Colony","place_exact":true,"peak_hour":13,"wbgt_focus":31.2,"utci_focus":44.4,"risk_focus":0.426}},{"type":"Feature","geometry":{"type":"Polygon","coordinates":[[[72.63642179166696,23.003451088077306],[72.63708119303155,22.999033781909958],[72.64192980975416,22.997330752441155],[72.64611944078071,23.0000447346011],[72.64546062460492,23.004462135240015],[72.64061159219378,23.006165459276154],[72.63642179166696,23.003451088077306]]]},"properties":{"h3_index":"8842cea45bfffff","d_ta_c":0.63,"intensity":0.924,"roads":0.857,"green":0.0,"water":0.0,"exposure":0.924,"vulnerability":0.813,"place":"Rabari Colony","place_exact":true,"peak_hour":13,"wbgt_focus":31.1,"utci_focus":44.3,"risk_focus":0.42}},{"type":"Feature","geometry":{"type":"Polygon","coordinates":[[[72.6238543650672,22.995307937934662],[72.6245145140205,22.990891206336496],[72.62936289104029,22.9891887694572],[72.63355153487795,22.991902769806817],[72.63289197090866,22.996319596066854],[72.62804317809767,22.99802232734413],[72.6238543650672,22.995307937934662]]]},"properties":{"h3_index":"8842cea45dfffff","d_ta_c":0.64,"intensity":0.926,"roads":0.87,"green":0.0,"water":0.011,"exposure":0.926,"vulnerability":0.813,"place":"Rabari Colony","place_exact":true,"peak_hour":13,"wbgt_focus":31.1,"utci_focus":44.3,"risk_focus":0.421}},{"type":"Feature","geometry":{"type":"Polygon","coordinates":[[[72.60974646424432,22.966788192213595],[72.61040726217286,22.96237338116606],[72.61525397633753,22.960672121227528],[72.6194403082209,22.963385378227734],[72.6187800947103,22.967800284133922],[72.61393296487834,22.969501838209986],[72.60974646424432,22.966788192213595]]]},"properties":{"h3_index":"8842cea461fffff","d_ta_c":0.53,"intensity":0.889,"roads":0.806,"green":0.0,"water":0.021,"exposure":0.889,"vulnerability":0.813,"place":"Isanpur","place_exact":false,"peak_hour":13,"wbgt_focus":31.1,"utci_focus":44.2,"risk_focus":0.413}},{"type":"Feature","geometry":{"type":"Polygon","coordinates":[[[72.6187800947103,22.967800284133922],[72.6194403082209,22.963385378227734],[72.62428684696435,22.961683820618656],[72.62847358771113,22.964396874702803],[72.6278139586817,22.96881187532686],[72.62296700440427,22.97051372717763],[72.6187800947103,22.967800284133922]]]},"properties":{"h3_index":"8842cea463fffff","d_ta_c":0.48,"intensity":0.873,"roads":0.774,"green":0.0,"water":0.017,"exposure":0.873,"vulnerability":0.813,"place":"Dalal Colony","place_exact":false,"peak_hour":13,"wbgt_focus":31.1,"utci_focus":44.1,"risk_focus":0.409}},{"type":"Feature","geometry":{"type":"Polygon","coordinates":[[[72.60622133934126,22.95965992136646],[72.60688229929455,22.95524559063721],[72.61172859782297,22.9535446247711],[72.61591435201431,22.956257695590526],[72.61525397633753,22.960672121227528],[72.61040726217286,22.96237338116606],[72.60622133934126,22.95965992136646]]]},"properties":{"h3_index":"8842cea465fffff","d_ta_c":-0.04,"intensity":0.701,"roads":0.448,"green":0.0,"water":0.018,"exposure":0.701,"vulnerability":0.813,"place":"Isanpur","place_exact":false,"peak_hour":13,"wbgt_focus":30.8,"utci_focus":43.4,"risk_focus":0.37}},{"type":"Feature","geometry":{"type":"Polygon","coordinates":[[[72.61525397633753,22.960672121227528],[72.61591435201431,22.956257695590526],[72.62076047525473,22.954556432158014],[72.62494663830137,22.95726930021465],[72.62428684696435,22.961683820618656],[72.6194403082209,22.963385378227734],[72.61525397633753,22.960672121227528]]]},"properties":{"h3_index":"8842cea467fffff","d_ta_c":0.58,"intensity":0.908,"roads":0.827,"green":0.0,"water":0.0,"exposure":0.908,"vulnerability":0.813,"place":"Isanpur","place_exact":false,"peak_hour":13,"wbgt_focus":31.1,"utci_focus":44.2,"risk_focus":0.417}},{"type":"Feature","geometry":{"type":"Polygon","coordinates":[[[72.60423793879727,22.972904644834216],[72.60489915910955,22.968489448490864],[72.60974646424432,22.966788192213595],[72.61393296487834,22.969501838209986],[72.61327232906214,22.973917129503644],[72.60842460809579,22.97561867987933],[72.60423793879727,22.972904644834216]]]},"properties":{"h3_index":"8842cea469fffff","d_ta_c":0.72,"intensity":0.953,"roads":0.912,"green":0.0,"water":0.0,"exposure":0.953,"vulnerability":0.813,"place":"Isanpur","place_exact":false,"peak_hour":13,"wbgt_focus":31.2,"utci_focus":44.4,"risk_focus":0.427}},{"type":"Feature","geometry":{"type":"Polygon","coordinates":[[[72.61327232906214,22.973917129503644],[72.61393296487834,22.969501838209986],[72.6187800947103,22.967800284133922],[72.62296700440427,22.97051372717763],[72.62230695314747,22.974929113280812],[72.61745940761723,22.9766309615595],[72.61327232906214,22.973917129503644]]]},"properties":{"h3_index":"8842cea46bfffff","d_ta_c":0.85,"intensity":0.997,"roads":1.0,"green":0.004,"water":0.0,"exposure":0.997,"vulnerability":0.813,"place":"Dalal Colony","place_exact":false,"peak_hour":13,"wbgt_focus":31.2,"utci_focus":44.6,"risk_focus":0.436}},{"type":"Feature","geometry":{"type":"Polygon","coordinates":[[[72.60071306772386,22.965775599658553],[72.60137445000697,22.961360883610404],[72.60622133934126,22.95965992136646],[72.61040726217286,22.96237338116606],[72.60974646424432,22.966788192213595],[72.60489915910955,22.968489448490864],[72.60071306772386,22.965775599658553]]]},"properties":{"h3_index":"8842cea46dfffff","d_ta_c":0.37,"intensity":0.836,"roads":0.689,"green":0.0,"water":0.0,"exposure":0.836,"vulnerability":0.813,"place":"Isanpur","place_exact":false,"peak_hour":13,"wbgt_focus":31.0,"utci_focus":44.0,"risk_focus":0.401}},{"type":"Feature","geometry":{"type":"Polygon","coordinates":[[[72.60269695414677,22.952532317171645],[72.60335807603725,22.948118466832767],[72.60820395896047,22.946417794973954],[72.61238913557837,22.949130679475427],[72.61172859782297,22.9535446247711],[72.60688229929455,22.95524559063721],[72.60269695414677,22.952532317171645]]]},"properties":{"h3_index":"8842cea559fffff","d_ta_c":-0.45,"intensity":0.564,"roads":0.176,"green":0.0,"water":0.0,"exposure":0.564,"vulnerability":0.813,"place":"Isanpur","place_exact":false,"peak_hour":13,"wbgt_focus":30.6,"utci_focus":42.9,"risk_focus":0.336}},{"type":"Feature","geometry":{"type":"Polygon","coordinates":[[[72.61172859782297,22.9535446247711],[72.61238913557837,22.949130679475427],[72.61723484334674,22.947429710154374],[72.62142042881173,22.95014239204624],[72.62076047525473,22.954556432158014],[72.61591435201431,22.956257695590526],[72.61172859782297,22.9535446247711]]]},"properties":{"h3_index":"8842cea55bfffff","d_ta_c":-0.01,"intensity":0.711,"roads":0.467,"green":0.0,"water":0.018,"exposure":0.711,"vulnerability":0.813,"place":"Isanpur","place_exact":false,"peak_hour":13,"wbgt_focus":30.8,"utci_focus":43.5,"risk_focus":0.372}},{"type":"Feature","geometry":{"type":"Polygon","coordinates":[[[72.59276970263532,23.018774689213192],[72.59343212801298,23.014356512663845],[72.59828304704756,23.0126543906864],[72.60247195726734,23.01537015115039],[72.60181011712343,23.019788422869755],[72.59695878150585,23.02149083898385],[72.59276970263532,23.018774689213192]]]},"properties":{"h3_index":"8842cea601fffff","d_ta_c":0.34,"intensity":0.825,"roads":0.669,"green":0.0,"water":0.0,"exposure":0.825,"vulnerability":0.813,"place":"Gita Mandir","place_exact":true,"peak_hour":13,"wbgt_focus":31.0,"utci_focus":43.9,"risk_focus":0.398}},{"type":"Feature","geometry":{"type":"Polygon","coordinates":[[[72.60181011712343,23.019788422869755],[72.60247195726734,23.01537015115039],[72.6073227010735,23.013667730547816],[72.61151202116515,23.016383287452236],[72.61085076631855,23.020801654200554],[72.60599960606287,23.022504369044224],[72.60181011712343,23.019788422869755]]]},"properties":{"h3_index":"8842cea603fffff","d_ta_c":-0.07,"intensity":0.689,"roads":0.412,"green":0.0,"water":0.0,"exposure":0.689,"vulnerability":0.813,"place":"Sarangpur","place_exact":true,"peak_hour":13,"wbgt_focus":30.8,"utci_focus":43.4,"risk_focus":0.367}},{"type":"Feature","geometry":{"type":"Polygon","coordinates":[[[72.58924362785372,23.011640548757306],[72.58990621524906,23.007222852192786],[72.59475671773187,23.005521024286935],[72.59894504935096,23.00823659890272],[72.59828304704756,23.0126543906864],[72.59343212801298,23.014356512663845],[72.58924362785372,23.011640548757306]]]},"properties":{"h3_index":"8842cea605fffff","d_ta_c":0.23,"intensity":0.792,"roads":0.627,"green":0.017,"water":0.0,"exposure":0.792,"vulnerability":0.813,"place":"Gita Mandir","place_exact":true,"peak_hour":13,"wbgt_focus":31.0,"utci_focus":43.8,"risk_focus":0.391}},{"type":"Feature","geometry":{"type":"Polygon","coordinates":[[[72.59828304704756,23.0126543906864],[72.59894504935096,23.00823659890272],[72.60379537673876,23.00653447247613],[72.6079841182214,23.009249843685964],[72.6073227010735,23.013667730547816],[72.60247195726734,23.01537015115039],[72.59828304704756,23.0126543906864]]]},"properties":{"h3_index":"8842cea607fffff","d_ta_c":-0.52,"intensity":0.541,"roads":0.242,"green":0.015,"water":0.117,"exposure":0.541,"vulnerability":0.813,"place":"Sherkotda","place_exact":true,"peak_hour":13,"wbgt_focus":30.6,"utci_focus":42.8,"risk_focus":0.33}},{"type":"Feature","geometry":{"type":"Polygon","coordinates":[[[72.587255343324,23.024895367773333],[72.58791819190817,23.020476806573683],[72.59276970263532,23.018774689213192],[72.59695878150585,23.02149083898385],[72.59629651823364,23.025909495445386],[72.59144459075877,23.02761190690312],[72.587255343324,23.024895367773333]]]},"properties":{"h3_index":"8842cea609fffff","d_ta_c":0.37,"intensity":0.836,"roads":0.689,"green":0.0,"water":0.0,"exposure":0.836,"vulnerability":0.813,"place":"Manek Chowk","place_exact":true,"peak_hour":13,"wbgt_focus":31.0,"utci_focus":44.0,"risk_focus":0.401}},{"type":"Feature","geometry":{"type":"Polygon","coordinates":[[[72.59629651823364,23.025909495445386],[72.59695878150585,23.02149083898385],[72.60181011712343,23.019788422869755],[72.60599960606287,23.022504369044224],[72.60533792816621,23.026923120626574],[72.6004861759344,23.02862583094239],[72.59629651823364,23.025909495445386]]]},"properties":{"h3_index":"8842cea60bfffff","d_ta_c":0.24,"intensity":0.792,"roads":0.606,"green":0.0,"water":0.0,"exposure":0.792,"vulnerability":0.813,"place":"Revdi Bazar","place_exact":true,"peak_hour":13,"wbgt_focus":31.0,"utci_focus":43.8,"risk_focus":0.391}},{"type":"Feature","geometry":{"type":"Polygon","coordinates":[[[72.58372952329522,23.017760453323916],[72.58439253384294,23.013342372085603],[72.58924362785372,23.011640548757306],[72.59343212801298,23.014356512663845],[72.59276970263532,23.018774689213192],[72.58791819190817,23.020476806573683],[72.58372952329522,23.017760453323916]]]},"properties":{"h3_index":"8842cea60dfffff","d_ta_c":0.42,"intensity":0.854,"roads":0.724,"green":0.0,"water":0.0,"exposure":0.854,"vulnerability":0.813,"place":"Gita Mandir","place_exact":true,"peak_hour":13,"wbgt_focus":31.0,"utci_focus":44.0,"risk_focus":0.405}},{"type":"Feature","geometry":{"type":"Polygon","coordinates":[[[72.6143795726806,23.027936243223856],[72.61504066513814,23.02351739666182],[72.61989164977963,23.021814383112666],[72.62408195829053,23.024529921743728],[72.62342145133559,23.02894886314436],[72.61857005034705,23.030652171104087],[72.6143795726806,23.027936243223856]]]},"properties":{"h3_index":"8842cea611fffff","d_ta_c":0.31,"intensity":0.817,"roads":0.774,"green":0.1,"water":0.0,"exposure":0.817,"vulnerability":0.813,"place":"Sukhrampura","place_exact":true,"peak_hour":13,"wbgt_focus":31.0,"utci_focus":43.9,"risk_focus":0.397}},{"type":"Feature","geometry":{"type":"Polygon","coordinates":[[[72.62342145133559,23.02894886314436],[72.62408195829053,23.024529921743728],[72.62893276706552,23.02282660951323],[72.63312348507885,23.025541944197155],[72.63246356368988,23.029960980295204],[72.62761233870151,23.031664587040666],[72.62342145133559,23.02894886314436]]]},"properties":{"h3_index":"8842cea613fffff","d_ta_c":0.25,"intensity":0.798,"roads":0.772,"green":0.1,"water":0.042,"exposure":0.798,"vulnerability":0.813,"place":"Shastri Nagar","place_exact":true,"peak_hour":13,"wbgt_focus":31.0,"utci_focus":43.8,"risk_focus":0.392}},{"type":"Feature","geometry":{"type":"Polygon","coordinates":[[[72.61085076631855,23.020801654200554],[72.61151202116515,23.016383287452236],[72.61636258949066,23.01468056824858],[72.62055231926544,23.017395921476478],[72.61989164977963,23.021814383112666],[72.61504066513814,23.02351739666182],[72.61085076631855,23.020801654200554]]]},"properties":{"h3_index":"8842cea615fffff","d_ta_c":-0.0,"intensity":0.713,"roads":0.558,"green":0.083,"water":0.0,"exposure":0.713,"vulnerability":0.813,"place":"Pratapnagar","place_exact":true,"peak_hour":13,"wbgt_focus":30.8,"utci_focus":43.5,"risk_focus":0.373}},{"type":"Feature","geometry":{"type":"Polygon","coordinates":[[[72.61989164977963,23.021814383112666],[72.62055231926544,23.017395921476478],[72.62540271185809,23.015692903695836],[72.62959285112717,23.01840805313027],[72.62893276706552,23.02282660951323],[72.62408195829053,23.024529921743728],[72.61989164977963,23.021814383112666]]]},"properties":{"h3_index":"8842cea617fffff","d_ta_c":-0.38,"intensity":0.586,"roads":0.437,"green":0.183,"water":0.0,"exposure":0.586,"vulnerability":0.813,"place":"Pratapnagar","place_exact":true,"peak_hour":13,"wbgt_focus":30.7,"utci_focus":43.0,"risk_focus":0.341}},{"type":"Feature","geometry":{"type":"Polygon","coordinates":[[[72.60886648038264,23.034058483746264],[72.60952799594425,23.0296392523737],[72.6143795726806,23.027936243223856],[72.61857005034705,23.030652171104087],[72.61790912036642,23.035071497407074],[72.61305712711827,23.036774800928146],[72.60886648038264,23.034058483746264]]]},"properties":{"h3_index":"8842cea619fffff","d_ta_c":0.12,"intensity":0.752,"roads":0.531,"green":0.0,"water":0.0,"exposure":0.752,"vulnerability":0.813,"place":"Sarangpur","place_exact":true,"peak_hour":13,"wbgt_focus":30.9,"utci_focus":43.6,"risk_focus":0.382}},{"type":"Feature","geometry":{"type":"Polygon","coordinates":[[[72.61790912036642,23.035071497407074],[72.61857005034705,23.030652171104087],[72.62342145133559,23.02894886314436],[72.62761233870151,23.031664587040666],[72.62695199436533,23.036084008132885],[72.62210017699867,23.0377876105683],[72.61790912036642,23.035071497407074]]]},"properties":{"h3_index":"8842cea61bfffff","d_ta_c":0.63,"intensity":0.924,"roads":0.857,"green":0.0,"water":0.0,"exposure":0.924,"vulnerability":0.813,"place":"Sukhrampura","place_exact":false,"peak_hour":13,"wbgt_focus":31.1,"utci_focus":44.3,"risk_focus":0.42}},{"type":"Feature","geometry":{"type":"Polygon","coordinates":[[[72.60533792816621,23.026923120626574],[72.60599960606287,23.022504369044224],[72.61085076631855,23.020801654200554],[72.61504066513814,23.02351739666182],[72.6143795726806,23.027936243223856],[72.60952799594425,23.0296392523737],[72.60533792816621,23.026923120626574]]]},"properties":{"h3_index":"8842cea61dfffff","d_ta_c":0.11,"intensity":0.751,"roads":0.529,"green":0.0,"water":0.0,"exposure":0.751,"vulnerability":0.813,"place":"Sarangpur","place_exact":true,"peak_hour":13,"wbgt_focus":30.9,"utci_focus":43.6,"risk_focus":0.381}},{"type":"Feature","geometry":{"type":"Polygon","coordinates":[[[72.59123112896975,22.998388323881574],[72.59189345532904,22.993971492186986],[72.59674294997367,22.9922699539172],[72.60093053459488,22.99498495332484],[72.60026879310766,22.99940188019588],[72.59541888210705,23.001103712511533],[72.59123112896975,22.998388323881574]]]},"properties":{"h3_index":"8842cea621fffff","d_ta_c":0.52,"intensity":0.887,"roads":0.786,"green":0.0,"water":0.0,"exposure":0.887,"vulnerability":0.813,"place":"Rambag","place_exact":true,"peak_hour":13,"wbgt_focus":31.1,"utci_focus":44.2,"risk_focus":0.412}},{"type":"Feature","geometry":{"type":"Polygon","coordinates":[[[72.60026879310766,22.99940188019588],[72.60093053459488,22.99498495332484],[72.60577985415912,22.99328311676707],[72.60996784843866,22.99599791295886],[72.60930669188703,23.00041493486543],[72.60445695610017,23.00211706557341],[72.60026879310766,22.99940188019588]]]},"properties":{"h3_index":"8842cea623fffff","d_ta_c":0.66,"intensity":0.933,"roads":0.873,"green":0.0,"water":0.0,"exposure":0.933,"vulnerability":0.813,"place":"Uttamnagar","place_exact":true,"peak_hour":13,"wbgt_focus":31.2,"utci_focus":44.3,"risk_focus":0.422}},{"type":"Feature","geometry":{"type":"Polygon","coordinates":[[[72.58770628055463,22.991256289680415],[72.58836876881038,22.98683993813909],[72.59321784713026,22.985138693850068],[72.59740485349903,22.9878535071503],[72.59674294997367,22.9922699539172],[72.59189345532904,22.993971492186986],[72.58770628055463,22.991256289680415]]]},"properties":{"h3_index":"8842cea625fffff","d_ta_c":-1.23,"intensity":0.304,"roads":0.301,"green":0.0,"water":0.771,"exposure":0.304,"vulnerability":0.813,"place":"Shah E Alam Roza","place_exact":true,"peak_hour":13,"wbgt_focus":30.3,"utci_focus":41.8,"risk_focus":0.26}},{"type":"Feature","geometry":{"type":"Polygon","coordinates":[[[72.59674294997367,22.9922699539172],[72.59740485349903,22.9878535071503],[72.60225375687176,22.986151964677685],[72.60644117289054,22.988866574915516],[72.60577985415912,22.99328311676707],[72.60093053459488,22.99498495332484],[72.59674294997367,22.9922699539172]]]},"properties":{"h3_index":"8842cea627fffff","d_ta_c":0.69,"intensity":0.945,"roads":0.896,"green":0.0,"water":0.0,"exposure":0.945,"vulnerability":0.813,"place":"Uttamnagar","place_exact":true,"peak_hour":13,"wbgt_focus":31.2,"utci_focus":44.4,"risk_focus":0.425}},{"type":"Feature","geometry":{"type":"Polygon","coordinates":[[[72.5857182936821,23.00450707428802],[72.58638104300746,23.000089857780914],[72.59123112896975,22.998388323881574],[72.59541888210705,23.001103712511533],[72.59475671773187,23.005521024286935],[72.58990621524906,23.007222852192786],[72.5857182936821,23.00450707428802]]]},"properties":{"h3_index":"8842cea629fffff","d_ta_c":0.51,"intensity":0.884,"roads":0.781,"green":0.0,"water":0.0,"exposure":0.884,"vulnerability":0.813,"place":"Kankaria","place_exact":true,"peak_hour":13,"wbgt_focus":31.1,"utci_focus":44.1,"risk_focus":0.412}},{"type":"Feature","geometry":{"type":"Polygon","coordinates":[[[72.59475671773187,23.005521024286935],[72.59541888210705,23.001103712511533],[72.60026879310766,22.99940188019588],[72.60445695610017,23.00211706557341],[72.60379537673876,23.00653447247613],[72.59894504935096,23.00823659890272],[72.59475671773187,23.005521024286935]]]},"properties":{"h3_index":"8842cea62bfffff","d_ta_c":-0.19,"intensity":0.649,"roads":0.478,"green":0.04,"water":0.117,"exposure":0.649,"vulnerability":0.813,"place":"Kankaria","place_exact":true,"peak_hour":13,"wbgt_focus":30.8,"utci_focus":43.2,"risk_focus":0.357}},{"type":"Feature","geometry":{"type":"Polygon","coordinates":[[[72.58219369991386,22.997374266015512],[72.58285661108161,22.992957529638296],[72.58770628055463,22.991256289680415],[72.59189345532904,22.993971492186986],[72.59123112896975,22.998388323881574],[72.58638104300746,23.000089857780914],[72.58219369991386,22.997374266015512]]]},"properties":{"h3_index":"8842cea62dfffff","d_ta_c":-0.27,"intensity":0.624,"roads":0.646,"green":0.0,"water":0.445,"exposure":0.624,"vulnerability":0.813,"place":"Shah E Alam Roza","place_exact":true,"peak_hour":13,"wbgt_focus":30.7,"utci_focus":43.1,"risk_focus":0.351}},{"type":"Feature","geometry":{"type":"Polygon","coordinates":[[[72.61283427026203,23.00754741876268],[72.61349526454615,23.00312991687361],[72.61834482486718,23.001427487797365],[72.62253380700429,23.004142266319295],[72.62187339786085,23.008559863053712],[72.61702342141955,23.0102625864496],[72.61283427026203,23.00754741876268]]]},"properties":{"h3_index":"8842cea631fffff","d_ta_c":0.31,"intensity":0.816,"roads":0.652,"green":0.0,"water":0.0,"exposure":0.816,"vulnerability":0.813,"place":"Khokhra","place_exact":true,"peak_hour":13,"wbgt_focus":31.0,"utci_focus":43.9,"risk_focus":0.396}},{"type":"Feature","geometry":{"type":"Polygon","coordinates":[[[72.62187339786085,23.008559863053712],[72.62253380700429,23.004142266319295],[72.62738319160742,23.002439538898894],[72.6315725830338,23.005154113817692],[72.6309127590944,23.009571805256424],[72.62606295850455,23.01127482710078],[72.62187339786085,23.008559863053712]]]},"properties":{"h3_index":"8842cea633fffff","d_ta_c":0.34,"intensity":0.825,"roads":0.669,"green":0.0,"water":0.0,"exposure":0.825,"vulnerability":0.813,"place":"Amraiwadi","place_exact":true,"peak_hour":13,"wbgt_focus":31.0,"utci_focus":43.9,"risk_focus":0.398}},{"type":"Feature","geometry":{"type":"Polygon","coordinates":[[[72.60930669188703,23.00041493486543],[72.60996784843866,22.99599791295886],[72.61481699267047,22.994295778137158],[72.6190053964198,22.997010370996215],[72.61834482486718,23.001427487797365],[72.61349526454615,23.00312991687361],[72.60930669188703,23.00041493486543]]]},"properties":{"h3_index":"8842cea635fffff","d_ta_c":0.41,"intensity":0.851,"roads":0.718,"green":0.0,"water":0.0,"exposure":0.851,"vulnerability":0.813,"place":"Maninagar East","place_exact":true,"peak_hour":13,"wbgt_focus":31.0,"utci_focus":44.0,"risk_focus":0.404}},{"type":"Feature","geometry":{"type":"Polygon","coordinates":[[[72.61834482486718,23.001427487797365],[72.6190053964198,22.997010370996215],[72.6238543650672,22.995307937934662],[72.62804317809767,22.99802232734413],[72.62738319160742,23.002439538898894],[72.62253380700429,23.004142266319295],[72.61834482486718,23.001427487797365]]]},"properties":{"h3_index":"8842cea637fffff","d_ta_c":0.59,"intensity":0.91,"roads":0.859,"green":0.024,"water":0.0,"exposure":0.91,"vulnerability":0.813,"place":"Khokhra","place_exact":true,"peak_hour":13,"wbgt_focus":31.1,"utci_focus":44.3,"risk_focus":0.417}},{"type":"Feature","geometry":{"type":"Polygon","coordinates":[[[72.6073227010735,23.013667730547816],[72.6079841182214,23.009249843685964],[72.61283427026203,23.00754741876268],[72.61702342141955,23.0102625864496],[72.61636258949066,23.01468056824858],[72.61151202116515,23.016383287452236],[72.6073227010735,23.013667730547816]]]},"properties":{"h3_index":"8842cea639fffff","d_ta_c":-0.0,"intensity":0.713,"roads":0.457,"green":0.0,"water":0.0,"exposure":0.713,"vulnerability":0.813,"place":"Rajpur Gomtipur","place_exact":true,"peak_hour":13,"wbgt_focus":30.8,"utci_focus":43.5,"risk_focus":0.373}},{"type":"Feature","geometry":{"type":"Polygon","coordinates":[[[72.61636258949066,23.01468056824858],[72.61702342141955,23.0102625864496],[72.62187339786085,23.008559863053712],[72.62606295850455,23.01127482710078],[72.62540271185809,23.015692903695836],[72.62055231926544,23.017395921476478],[72.61636258949066,23.01468056824858]]]},"properties":{"h3_index":"8842cea63bfffff","d_ta_c":0.36,"intensity":0.835,"roads":0.687,"green":0.0,"water":0.0,"exposure":0.835,"vulnerability":0.813,"place":"Rajpur Gomtipur","place_exact":true,"peak_hour":13,"wbgt_focus":31.0,"utci_focus":43.9,"risk_focus":0.401}},{"type":"Feature","geometry":{"type":"Polygon","coordinates":[[[72.60379537673876,23.00653447247613],[72.60445695610017,23.00211706557341],[72.60930669188703,23.00041493486543],[72.61349526454615,23.00312991687361],[72.61283427026203,23.00754741876268],[72.6079841182214,23.009249843685964],[72.60379537673876,23.00653447247613]]]},"properties":{"h3_index":"8842cea63dfffff","d_ta_c":-0.19,"intensity":0.65,"roads":0.463,"green":0.027,"water":0.117,"exposure":0.65,"vulnerability":0.813,"place":"Maninagar East","place_exact":true,"peak_hour":13,"wbgt_focus":30.8,"utci_focus":43.2,"risk_focus":0.357}},{"type":"Feature","geometry":{"type":"Polygon","coordinates":[[[72.57269826942527,23.030001401612743],[72.5733621266746,23.025582551373162],[72.5782144038784,23.023880737703543],[72.58240324085848,23.02659748034899],[72.5817399689355,23.031016426083465],[72.57688727468587,23.03271853370631],[72.57269826942527,23.030001401612743]]]},"properties":{"h3_index":"8842cea641fffff","d_ta_c":-0.89,"intensity":0.418,"roads":0.669,"green":0.117,"water":0.786,"exposure":0.418,"vulnerability":0.813,"place":"Manek Chowk","place_exact":false,"peak_hour":13,"wbgt_focus":30.4,"utci_focus":42.3,"risk_focus":0.296}},{"type":"Feature","geometry":{"type":"Polygon","coordinates":[[[72.5817399689355,23.031016426083465],[72.58240324085848,23.02659748034899],[72.587255343324,23.024895367773333],[72.59144459075877,23.02761190690312],[72.59078190422592,23.0320309479914],[72.58592938484797,23.03373335462483],[72.5817399689355,23.031016426083465]]]},"properties":{"h3_index":"8842cea643fffff","d_ta_c":0.27,"intensity":0.803,"roads":0.628,"green":0.0,"water":0.0,"exposure":0.803,"vulnerability":0.813,"place":"Manek Chowk","place_exact":true,"peak_hour":13,"wbgt_focus":31.0,"utci_focus":43.8,"risk_focus":0.393}},{"type":"Feature","geometry":{"type":"Polygon","coordinates":[[[72.56917370033784,23.022865605329194],[72.56983771935465,23.018447235076486],[72.57468957954403,23.01674571529504],[72.57887783771079,23.01946227190684],[72.5782144038784,23.023880737703543],[72.5733621266746,23.025582551373162],[72.56917370033784,23.022865605329194]]]},"properties":{"h3_index":"8842cea645fffff","d_ta_c":-1.14,"intensity":0.333,"roads":0.523,"green":0.129,"water":0.786,"exposure":0.333,"vulnerability":0.813,"place":"Kochrab","place_exact":true,"peak_hour":13,"wbgt_focus":30.3,"utci_focus":42.0,"risk_focus":0.269}},{"type":"Feature","geometry":{"type":"Polygon","coordinates":[[[72.5782144038784,23.023880737703543],[72.57887783771079,23.01946227190684],[72.58372952329522,23.017760453323916],[72.58791819190817,23.020476806573683],[72.587255343324,23.024895367773333],[72.58240324085848,23.02659748034899],[72.5782144038784,23.023880737703543]]]},"properties":{"h3_index":"8842cea647fffff","d_ta_c":0.63,"intensity":0.922,"roads":0.912,"green":0.049,"water":0.0,"exposure":0.922,"vulnerability":0.813,"place":"Manek Chowk","place_exact":true,"peak_hour":13,"wbgt_focus":31.1,"utci_focus":44.3,"risk_focus":0.42}},{"type":"Feature","geometry":{"type":"Polygon","coordinates":[[[72.5671811197579,23.03612244476798],[72.56784540055648,23.031703210201115],[72.57269826942527,23.030001401612743],[72.57688727468587,23.03271853370631],[72.57622357929174,23.03713786386006],[72.57137029321234,23.03883996636208],[72.5671811197579,23.03612244476798]]]},"properties":{"h3_index":"8842cea649fffff","d_ta_c":-0.97,"intensity":0.391,"roads":0.477,"green":0.0,"water":0.786,"exposure":0.391,"vulnerability":0.813,"place":"Navrangpura","place_exact":true,"peak_hour":13,"wbgt_focus":30.4,"utci_focus":42.2,"risk_focus":0.287}},{"type":"Feature","geometry":{"type":"Polygon","coordinates":[[[72.57622357929174,23.03713786386006],[72.57688727468587,23.03271853370631],[72.5817399689355,23.031016426083465],[72.58592938484797,23.03373335462483],[72.5852662749221,23.03815278022434],[72.58041316359528,23.039855181865445],[72.57622357929174,23.03713786386006]]]},"properties":{"h3_index":"8842cea64bfffff","d_ta_c":0.86,"intensity":1.0,"roads":1.0,"green":0.001,"water":0.0,"exposure":1.0,"vulnerability":0.813,"place":"Manek Chowk","place_exact":false,"peak_hour":13,"wbgt_focus":31.2,"utci_focus":44.6,"risk_focus":0.436}},{"type":"Feature","geometry":{"type":"Polygon","coordinates":[[[72.56365680613638,23.028985874672557],[72.56432124864817,23.024567120068934],[72.56917370033784,23.022865605329194],[72.5733621266746,23.025582551373162],[72.57269826942527,23.030001401612743],[72.56784540055648,23.031703210201115],[72.56365680613638,23.028985874672557]]]},"properties":{"h3_index":"8842cea64dfffff","d_ta_c":0.37,"intensity":0.838,"roads":0.725,"green":0.027,"water":0.0,"exposure":0.838,"vulnerability":0.813,"place":"Kochrab","place_exact":false,"peak_hour":13,"wbgt_focus":31.0,"utci_focus":44.0,"risk_focus":0.401}},{"type":"Feature","geometry":{"type":"Polygon","coordinates":[[[72.59430920620775,23.039167193767543],[72.59497173060157,23.034747672863393],[72.59982407485538,23.033044967243367],[72.60401431150542,23.035761488328866],[72.60335237270738,23.040181104396467],[72.59849961164336,23.041884104243863],[72.59430920620775,23.039167193767543]]]},"properties":{"h3_index":"8842cea651fffff","d_ta_c":-0.08,"intensity":0.687,"roads":0.408,"green":0.0,"water":0.0,"exposure":0.687,"vulnerability":0.813,"place":"Dariyapur","place_exact":true,"peak_hour":13,"wbgt_focus":30.8,"utci_focus":43.4,"risk_focus":0.366}},{"type":"Feature","geometry":{"type":"Polygon","coordinates":[[[72.60335237270738,23.040181104396467],[72.60401431150542,23.035761488328866],[72.60886648038264,23.034058483746264],[72.61305712711827,23.036774800928146],[72.61239577397956,23.041194512018055],[72.60754318842575,23.042897810932523],[72.60335237270738,23.040181104396467]]]},"properties":{"h3_index":"8842cea653fffff","d_ta_c":0.15,"intensity":0.762,"roads":0.55,"green":0.0,"water":0.0,"exposure":0.762,"vulnerability":0.813,"place":"Asarwa","place_exact":true,"peak_hour":13,"wbgt_focus":30.9,"utci_focus":43.7,"risk_focus":0.384}},{"type":"Feature","geometry":{"type":"Polygon","coordinates":[[[72.59078190422592,23.0320309479914],[72.59144459075877,23.02761190690312],[72.59629651823364,23.025909495445386],[72.6004861759344,23.02862583094239],[72.59982407485538,23.033044967243367],[72.59497173060157,23.034747672863393],[72.59078190422592,23.0320309479914]]]},"properties":{"h3_index":"8842cea655fffff","d_ta_c":0.22,"intensity":0.786,"roads":0.596,"green":0.0,"water":0.0,"exposure":0.786,"vulnerability":0.813,"place":"Dariyapur","place_exact":true,"peak_hour":13,"wbgt_focus":30.9,"utci_focus":43.8,"risk_focus":0.39}},{"type":"Feature","geometry":{"type":"Polygon","coordinates":[[[72.59982407485538,23.033044967243367],[72.6004861759344,23.02862583094239],[72.60533792816621,23.026923120626574],[72.60952799594425,23.0296392523737],[72.60886648038264,23.034058483746264],[72.60401431150542,23.035761488328866],[72.59982407485538,23.033044967243367]]]},"properties":{"h3_index":"8842cea657fffff","d_ta_c":0.1,"intensity":0.747,"roads":0.521,"green":0.0,"water":0.0,"exposure":0.747,"vulnerability":0.813,"place":"Sarangpur","place_exact":true,"peak_hour":13,"wbgt_focus":30.9,"utci_focus":43.6,"risk_focus":0.381}},{"type":"Feature","geometry":{"type":"Polygon","coordinates":[[[72.58879332204512,23.0452897999155],[72.58945626988607,23.040869894523787],[72.59430920620775,23.039167193767543],[72.59849961164336,23.041884104243863],[72.59783724947644,23.046304104890986],[72.5929838961797,23.048007099835104],[72.58879332204512,23.0452897999155]]]},"properties":{"h3_index":"8842cea659fffff","d_ta_c":-0.17,"intensity":0.658,"roads":0.369,"green":0.013,"water":0.0,"exposure":0.658,"vulnerability":0.813,"place":"Madhupura","place_exact":true,"peak_hour":13,"wbgt_focus":30.8,"utci_focus":43.2,"risk_focus":0.359}},{"type":"Feature","geometry":{"type":"Polygon","coordinates":[[[72.59783724947644,23.046304104890986],[72.59849961164336,23.041884104243863],[72.60335237270738,23.040181104396467],[72.60754318842575,23.042897810932523],[72.60688141199653,23.04731790669384],[72.60202823409108,23.049021200833657],[72.59783724947644,23.046304104890986]]]},"properties":{"h3_index":"8842cea65bfffff","d_ta_c":0.07,"intensity":0.738,"roads":0.51,"green":0.004,"water":0.0,"exposure":0.738,"vulnerability":0.813,"place":"Asarwa","place_exact":true,"peak_hour":13,"wbgt_focus":30.9,"utci_focus":43.6,"risk_focus":0.379}},{"type":"Feature","geometry":{"type":"Polygon","coordinates":[[[72.5852662749221,23.03815278022434],[72.58592938484797,23.03373335462483],[72.59078190422592,23.0320309479914],[72.59497173060157,23.034747672863393],[72.59430920620775,23.039167193767543],[72.58945626988607,23.040869894523787],[72.5852662749221,23.03815278022434]]]},"properties":{"h3_index":"8842cea65dfffff","d_ta_c":0.37,"intensity":0.836,"roads":0.689,"green":0.0,"water":0.0,"exposure":0.836,"vulnerability":0.813,"place":"Dariyapur","place_exact":true,"peak_hour":13,"wbgt_focus":31.0,"utci_focus":44.0,"risk_focus":0.401}},{"type":"Feature","geometry":{"type":"Polygon","coordinates":[[[72.57116549572562,23.009611359068302],[72.5718292531138,23.00519385336506],[72.5766801050301,23.003492622572473],[72.58086761635644,23.006208603649185],[72.58020444393283,23.01062620485355],[72.57535317519813,23.012327729508772],[72.57116549572562,23.009611359068302]]]},"properties":{"h3_index":"8842cea661fffff","d_ta_c":-1.2,"intensity":0.314,"roads":0.333,"green":0.002,"water":0.786,"exposure":0.314,"vulnerability":0.813,"place":"Bhavna colony","place_exact":true,"peak_hour":13,"wbgt_focus":30.3,"utci_focus":41.9,"risk_focus":0.263}},{"type":"Feature","geometry":{"type":"Polygon","coordinates":[[[72.58020444393283,23.01062620485355],[72.58086761635644,23.006208603649185],[72.5857182936821,23.00450707428802],[72.58990621524906,23.007222852192786],[72.58924362785372,23.011640548757306],[72.58439253384294,23.013342372085603],[72.58020444393283,23.01062620485355]]]},"properties":{"h3_index":"8842cea663fffff","d_ta_c":0.14,"intensity":0.76,"roads":0.546,"green":0.0,"water":0.0,"exposure":0.76,"vulnerability":0.813,"place":"Behrampura","place_exact":true,"peak_hour":13,"wbgt_focus":30.9,"utci_focus":43.6,"risk_focus":0.384}},{"type":"Feature","geometry":{"type":"Polygon","coordinates":[[[72.56764215221652,23.00247766923345],[72.56830607125116,22.99806064368572],[72.57315650638049,22.996359706690736],[72.57734343924199,22.99907550147459],[72.5766801050301,23.003492622572473],[72.5718292531138,23.00519385336506],[72.56764215221652,23.00247766923345]]]},"properties":{"h3_index":"8842cea665fffff","d_ta_c":-1.26,"intensity":0.292,"roads":0.289,"green":0.0,"water":0.786,"exposure":0.292,"vulnerability":0.813,"place":"Ranna Park","place_exact":true,"peak_hour":13,"wbgt_focus":30.3,"utci_focus":41.8,"risk_focus":0.255}},{"type":"Feature","geometry":{"type":"Polygon","coordinates":[[[72.5766801050301,23.003492622572473],[72.57734343924199,22.99907550147459],[72.58219369991386,22.997374266015512],[72.58638104300746,23.000089857780914],[72.5857182936821,23.00450707428802],[72.58086761635644,23.006208603649185],[72.5766801050301,23.003492622572473]]]},"properties":{"h3_index":"8842cea667fffff","d_ta_c":0.49,"intensity":0.878,"roads":0.769,"green":0.0,"water":0.0,"exposure":0.878,"vulnerability":0.813,"place":"Bhavna colony","place_exact":true,"peak_hour":13,"wbgt_focus":31.1,"utci_focus":44.1,"risk_focus":0.41}},{"type":"Feature","geometry":{"type":"Polygon","coordinates":[[[72.56564987182259,23.01573047521981],[72.56631405251923,23.011312585026584],[72.57116549572562,23.009611359068302],[72.57535317519813,23.012327729508772],[72.57468957954403,23.01674571529504],[72.56983771935465,23.018447235076486],[72.56564987182259,23.01573047521981]]]},"properties":{"h3_index":"8842cea669fffff","d_ta_c":-0.87,"intensity":0.424,"roads":0.608,"green":0.058,"water":0.786,"exposure":0.424,"vulnerability":0.813,"place":"Kochrab","place_exact":true,"peak_hour":13,"wbgt_focus":30.4,"utci_focus":42.3,"risk_focus":0.297}},{"type":"Feature","geometry":{"type":"Polygon","coordinates":[[[72.57468957954403,23.01674571529504],[72.57535317519813,23.012327729508772],[72.58020444393283,23.01062620485355],[72.58439253384294,23.013342372085603],[72.58372952329522,23.017760453323916],[72.57887783771079,23.01946227190684],[72.57468957954403,23.01674571529504]]]},"properties":{"h3_index":"8842cea66bfffff","d_ta_c":-0.84,"intensity":0.435,"roads":0.559,"green":0.0,"water":0.786,"exposure":0.435,"vulnerability":0.813,"place":"Jamalpur","place_exact":true,"peak_hour":13,"wbgt_focus":30.5,"utci_focus":42.4,"risk_focus":0.3}},{"type":"Feature","geometry":{"type":"Polygon","coordinates":[[[72.5621267836728,23.00859601149479],[72.5627911259617,23.0041786014336],[72.56764215221652,23.00247766923345],[72.5718292531138,23.00519385336506],[72.57116549572562,23.009611359068302],[72.56631405251923,23.011312585026584],[72.5621267836728,23.00859601149479]]]},"properties":{"h3_index":"8842cea66dfffff","d_ta_c":-0.7,"intensity":0.48,"roads":0.664,"green":0.016,"water":0.786,"exposure":0.48,"vulnerability":0.813,"place":"Ranna Park","place_exact":true,"peak_hour":13,"wbgt_focus":30.5,"utci_focus":42.5,"risk_focus":0.313}},{"type":"Feature","geometry":{"type":"Polygon","coordinates":[[[72.65252447825117,23.01872689558956],[72.65318296867075,23.01430853545282],[72.65803224019342,23.012604618408517],[72.66222343689292,23.015318766727866],[72.66156553200855,23.01973722109623],[72.65671584486951,23.021441432942392],[72.65252447825117,23.01872689558956]]]},"properties":{"h3_index":"8842cea685fffff","d_ta_c":-0.05,"intensity":0.696,"roads":0.425,"green":0.0,"water":0.0,"exposure":0.696,"vulnerability":0.813,"place":"Shastri Nagar","place_exact":false,"peak_hour":13,"wbgt_focus":30.8,"utci_focus":43.4,"risk_focus":0.369}},{"type":"Feature","geometry":{"type":"Polygon","coordinates":[[[72.6505484877309,23.03198370591719],[72.65120723779813,23.027564480847847],[72.65605751745991,23.025860272718823],[72.66024946284634,23.02857499486],[72.65959129853474,23.03299431420319],[72.65474060306109,23.034698817160127],[72.6505484877309,23.03198370591719]]]},"properties":{"h3_index":"8842cea689fffff","d_ta_c":0.75,"intensity":0.962,"roads":0.929,"green":0.0,"water":0.0,"exposure":0.962,"vulnerability":0.813,"place":"Thakkarabapa Nagar","place_exact":false,"peak_hour":13,"wbgt_focus":31.2,"utci_focus":44.5,"risk_focus":0.428}},{"type":"Feature","geometry":{"type":"Polygon","coordinates":[[[72.64701570134696,23.024849554408906],[72.64767461437042,23.020430808955812],[72.65252447825117,23.01872689558956],[72.65671584486951,23.021441432942392],[72.65605751745991,23.025860272718823],[72.65120723779813,23.027564480847847],[72.64701570134696,23.024849554408906]]]},"properties":{"h3_index":"8842cea68dfffff","d_ta_c":0.38,"intensity":0.84,"roads":0.698,"green":0.0,"water":0.001,"exposure":0.84,"vulnerability":0.813,"place":"Shastri Nagar","place_exact":false,"peak_hour":13,"wbgt_focus":31.0,"utci_focus":44.0,"risk_focus":0.402}},{"type":"Feature","geometry":{"type":"Polygon","coordinates":[[[72.65449968998043,23.005472680294552],[72.65515792090426,23.001055185325114],[72.66000618469418,22.99935155954613],[72.66419663296134,23.00206513398962],[72.66353898735244,23.006482723148515],[72.6586903081415,23.008186643703223],[72.65449968998043,23.005472680294552]]]},"properties":{"h3_index":"8842cea6a1fffff","d_ta_c":0.13,"intensity":0.758,"roads":0.545,"green":0.002,"water":0.0,"exposure":0.758,"vulnerability":0.813,"place":"Ramol -Jantanagar","place_exact":false,"peak_hour":13,"wbgt_focus":30.9,"utci_focus":43.6,"risk_focus":0.383}},{"type":"Feature","geometry":{"type":"Polygon","coordinates":[[[72.65096788116296,22.998341406965054],[72.65162627497466,22.9939243918042],[72.65647412337428,22.992221060735773],[72.66066399333253,22.99493445014638],[72.66000618469418,22.99935155954613],[72.65515792090426,23.001055185325114],[72.65096788116296,22.998341406965054]]]},"properties":{"h3_index":"8842cea6a5fffff","d_ta_c":0.06,"intensity":0.733,"roads":0.543,"green":0.033,"water":0.011,"exposure":0.733,"vulnerability":0.813,"place":"Ramol -Jantanagar","place_exact":false,"peak_hour":13,"wbgt_focus":30.9,"utci_focus":43.5,"risk_focus":0.377}},{"type":"Feature","geometry":{"type":"Polygon","coordinates":[[[72.64899218070173,23.011594183026354],[72.64965083404336,23.00717630260216],[72.65449968998043,23.005472680294552],[72.6586903081415,23.008186643703223],[72.65803224019342,23.012604618408517],[72.65318296867075,23.01430853545282],[72.64899218070173,23.011594183026354]]]},"properties":{"h3_index":"8842cea6a9fffff","d_ta_c":0.32,"intensity":0.821,"roads":0.663,"green":0.001,"water":0.0,"exposure":0.821,"vulnerability":0.813,"place":"Rabari Colony","place_exact":false,"peak_hour":13,"wbgt_focus":31.0,"utci_focus":43.9,"risk_focus":0.398}},{"type":"Feature","geometry":{"type":"Polygon","coordinates":[[[72.64546062460492,23.004462135240015],[72.64611944078071,23.0000447346011],[72.65096788116296,22.998341406965054],[72.65515792090426,23.001055185325114],[72.65449968998043,23.005472680294552],[72.64965083404336,23.00717630260216],[72.64546062460492,23.004462135240015]]]},"properties":{"h3_index":"8842cea6adfffff","d_ta_c":0.67,"intensity":0.936,"roads":0.88,"green":0.001,"water":0.0,"exposure":0.936,"vulnerability":0.813,"place":"Rabari Colony","place_exact":false,"peak_hour":13,"wbgt_focus":31.2,"utci_focus":44.4,"risk_focus":0.423}},{"type":"Feature","geometry":{"type":"Polygon","coordinates":[[[72.63599510193792,23.03709601583089],[72.63665486056632,23.032676500090655],[72.64150590930211,23.030972594583705],[72.6456976155,23.033687910161323],[72.64503844264269,23.038107520408392],[72.64018697779638,23.03981172059978],[72.63599510193792,23.03709601583089]]]},"properties":{"h3_index":"8842cea6c1fffff","d_ta_c":0.86,"intensity":1.0,"roads":1.0,"green":0.0,"water":0.0,"exposure":1.0,"vulnerability":0.813,"place":"Thakkarabapa Nagar","place_exact":true,"peak_hour":13,"wbgt_focus":31.2,"utci_focus":44.6,"risk_focus":0.436}},{"type":"Feature","geometry":{"type":"Polygon","coordinates":[[[72.64503844264269,23.038107520408392],[72.6456976155,23.033687910161323],[72.6505484877309,23.03198370591719],[72.65474060306109,23.034698817160127],[72.65408201603806,23.039118521772775],[72.64923072783054,23.04082302080567],[72.64503844264269,23.038107520408392]]]},"properties":{"h3_index":"8842cea6c3fffff","d_ta_c":0.85,"intensity":0.996,"roads":0.993,"green":0.0,"water":0.0,"exposure":0.996,"vulnerability":0.813,"place":"Thakkarabapa Nagar","place_exact":true,"peak_hour":13,"wbgt_focus":31.2,"utci_focus":44.6,"risk_focus":0.436}},{"type":"Feature","geometry":{"type":"Polygon","coordinates":[[[72.63246356368988,23.029960980295204],[72.63312348507885,23.025541944197155],[72.63797411773507,23.023838333309524],[72.64216524506183,23.026553463929403],[72.64150590930211,23.030972594583705],[72.63665486056632,23.032676500090655],[72.63246356368988,23.029960980295204]]]},"properties":{"h3_index":"8842cea6c5fffff","d_ta_c":0.56,"intensity":0.901,"roads":0.846,"green":0.0,"water":0.042,"exposure":0.901,"vulnerability":0.813,"place":"Shastri Nagar","place_exact":true,"peak_hour":13,"wbgt_focus":31.1,"utci_focus":44.2,"risk_focus":0.415}},{"type":"Feature","geometry":{"type":"Polygon","coordinates":[[[72.64150590930211,23.030972594583705],[72.64216524506183,23.026553463929403],[72.64701570134696,23.024849554408906],[72.65120723779813,23.027564480847847],[72.6505484877309,23.03198370591719],[72.6456976155,23.033687910161323],[72.64150590930211,23.030972594583705]]]},"properties":{"h3_index":"8842cea6c7fffff","d_ta_c":0.59,"intensity":0.909,"roads":0.828,"green":0.0,"water":0.0,"exposure":0.909,"vulnerability":0.813,"place":"Shastri Nagar","place_exact":true,"peak_hour":13,"wbgt_focus":31.1,"utci_focus":44.2,"risk_focus":0.417}},{"type":"Feature","geometry":{"type":"Polygon","coordinates":[[[72.63048327907569,23.043219817867293],[72.63114346070522,23.03879991715643],[72.63599510193792,23.03709601583089],[72.64018697779638,23.03981172059978],[72.63952738201651,23.04423171590926],[72.63467532450848,23.045935911879987],[72.63048327907569,23.043219817867293]]]},"properties":{"h3_index":"8842cea6c9fffff","d_ta_c":0.86,"intensity":1.0,"roads":1.0,"green":0.0,"water":0.0,"exposure":1.0,"vulnerability":0.813,"place":"Thakkarabapa Nagar","place_exact":true,"peak_hour":13,"wbgt_focus":31.2,"utci_focus":44.6,"risk_focus":0.436}},{"type":"Feature","geometry":{"type":"Polygon","coordinates":[[[72.63952738201651,23.04423171590926],[72.64018697779638,23.03981172059978],[72.64503844264269,23.038107520408392],[72.64923072783054,23.04082302080567],[72.64857171796362,23.04524311057249],[72.64371983697589,23.04694760551345],[72.63952738201651,23.04423171590926]]]},"properties":{"h3_index":"8842cea6cbfffff","d_ta_c":0.69,"intensity":0.943,"roads":0.892,"green":0.0,"water":0.0,"exposure":0.943,"vulnerability":0.813,"place":"Thakkarabapa Nagar","place_exact":true,"peak_hour":13,"wbgt_focus":31.2,"utci_focus":44.4,"risk_focus":0.424}},{"type":"Feature","geometry":{"type":"Polygon","coordinates":[[[72.62695199436533,23.036084008132885],[72.62761233870151,23.031664587040666],[72.63246356368988,23.029960980295204],[72.63665486056632,23.032676500090655],[72.63599510193792,23.03709601583089],[72.63114346070522,23.03879991715643],[72.62695199436533,23.036084008132885]]]},"properties":{"h3_index":"8842cea6cdfffff","d_ta_c":0.79,"intensity":0.978,"roads":0.959,"green":0.0,"water":0.0,"exposure":0.978,"vulnerability":0.813,"place":"Shastri Nagar","place_exact":true,"peak_hour":13,"wbgt_focus":31.2,"utci_focus":44.5,"risk_focus":0.432}},{"type":"Feature","geometry":{"type":"Polygon","coordinates":[[[72.65408201603806,23.039118521772775],[72.65474060306109,23.034698817160127],[72.65959129853474,23.03299431420319],[72.66378382280799,23.03570922099456],[72.66312582168236,23.04012901983151],[72.65827471036607,23.041833817681535],[72.65408201603806,23.039118521772775]]]},"properties":{"h3_index":"8842cea6d5fffff","d_ta_c":-0.12,"intensity":0.675,"roads":0.386,"green":0.0,"water":0.0,"exposure":0.675,"vulnerability":0.813,"place":"Thakkarabapa Nagar","place_exact":false,"peak_hour":13,"wbgt_focus":30.8,"utci_focus":43.3,"risk_focus":0.363}},{"type":"Feature","geometry":{"type":"Polygon","coordinates":[[[72.65210573547184,23.05237936486469],[72.65276458226035,23.04795879565123],[72.65761628647529,23.046254001764407],[72.66180955992002,23.048969482200757],[72.66115129924954,23.0533901456807],[72.6562991789963,23.055095234486593],[72.65210573547184,23.05237936486469]]]},"properties":{"h3_index":"8842cea6d9fffff","d_ta_c":0.84,"intensity":0.995,"roads":0.991,"green":0.0,"water":0.0,"exposure":0.995,"vulnerability":0.813,"place":"Thakkarabapa Nagar","place_exact":false,"peak_hour":13,"wbgt_focus":31.2,"utci_focus":44.6,"risk_focus":0.435}},{"type":"Feature","geometry":{"type":"Polygon","coordinates":[[[72.64857171796362,23.04524311057249],[72.64923072783054,23.04082302080567],[72.65408201603806,23.039118521772775],[72.65827471036607,23.041833817681535],[72.65761628647529,23.046254001764407],[72.65276458226035,23.04795879565123],[72.64857171796362,23.04524311057249]]]},"properties":{"h3_index":"8842cea6ddfffff","d_ta_c":0.7,"intensity":0.948,"roads":0.901,"green":0.0,"water":0.0,"exposure":0.948,"vulnerability":0.813,"place":"Thakkarabapa Nagar","place_exact":true,"peak_hour":13,"wbgt_focus":31.2,"utci_focus":44.4,"risk_focus":0.425}},{"type":"Feature","geometry":{"type":"Polygon","coordinates":[[[72.63444306773472,23.016704736796843],[72.63510272903542,23.0122865655468],[72.63995235352169,23.01058324527817],[72.64414273257121,23.013297801694986],[72.64348365667948,23.017716067458938],[72.63863361630924,23.019419682320923],[72.63444306773472,23.016704736796843]]]},"properties":{"h3_index":"8842cea6e1fffff","d_ta_c":0.6,"intensity":0.913,"roads":0.836,"green":0.0,"water":0.0,"exposure":0.913,"vulnerability":0.813,"place":"Jantanagar -Ramol","place_exact":false,"peak_hour":13,"wbgt_focus":31.1,"utci_focus":44.3,"risk_focus":0.418}},{"type":"Feature","geometry":{"type":"Polygon","coordinates":[[[72.64348365667948,23.017716067458938],[72.64414273257121,23.013297801694986],[72.64899218070173,23.011594183026354],[72.65318296867075,23.01430853545282],[72.65252447825117,23.01872689558956],[72.64767461437042,23.020430808955812],[72.64348365667948,23.017716067458938]]]},"properties":{"h3_index":"8842cea6e3fffff","d_ta_c":0.47,"intensity":0.868,"roads":0.751,"green":0.0,"water":0.0,"exposure":0.868,"vulnerability":0.813,"place":"Shastri Nagar","place_exact":false,"peak_hour":13,"wbgt_focus":31.1,"utci_focus":44.1,"risk_focus":0.408}},{"type":"Feature","geometry":{"type":"Polygon","coordinates":[[[72.6309127590944,23.009571805256424],[72.6315725830338,23.005154113817692],[72.63642179166696,23.003451088077306],[72.64061159219378,23.006165459276154],[72.63995235352169,23.01058324527817],[72.63510272903542,23.0122865655468],[72.6309127590944,23.009571805256424]]]},"properties":{"h3_index":"8842cea6e5fffff","d_ta_c":0.56,"intensity":0.9,"roads":0.813,"green":0.001,"water":0.0,"exposure":0.9,"vulnerability":0.813,"place":"Jantanagar -Ramol","place_exact":true,"peak_hour":13,"wbgt_focus":31.1,"utci_focus":44.2,"risk_focus":0.415}},{"type":"Feature","geometry":{"type":"Polygon","coordinates":[[[72.63995235352169,23.01058324527817],[72.64061159219378,23.006165459276154],[72.64546062460492,23.004462135240015],[72.64965083404336,23.00717630260216],[72.64899218070173,23.011594183026354],[72.64414273257121,23.013297801694986],[72.63995235352169,23.01058324527817]]]},"properties":{"h3_index":"8842cea6e7fffff","d_ta_c":0.82,"intensity":0.986,"roads":0.973,"green":0.0,"water":0.0,"exposure":0.986,"vulnerability":0.813,"place":"Rabari Colony","place_exact":false,"peak_hour":13,"wbgt_focus":31.2,"utci_focus":44.6,"risk_focus":0.433}},{"type":"Feature","geometry":{"type":"Polygon","coordinates":[[[72.62893276706552,23.02282660951323],[72.62959285112717,23.01840805313027],[72.63444306773472,23.016704736796843],[72.63863361630924,23.019419682320923],[72.63797411773507,23.023838333309524],[72.63312348507885,23.025541944197155],[72.62893276706552,23.02282660951323]]]},"properties":{"h3_index":"8842cea6e9fffff","d_ta_c":0.34,"intensity":0.825,"roads":0.703,"green":0.0,"water":0.042,"exposure":0.825,"vulnerability":0.813,"place":"Shastri Nagar","place_exact":true,"peak_hour":13,"wbgt_focus":31.0,"utci_focus":43.9,"risk_focus":0.398}},{"type":"Feature","geometry":{"type":"Polygon","coordinates":[[[72.63797411773507,23.023838333309524],[72.63863361630924,23.019419682320923],[72.64348365667948,23.017716067458938],[72.64767461437042,23.020430808955812],[72.64701570134696,23.024849554408906],[72.64216524506183,23.026553463929403],[72.63797411773507,23.023838333309524]]]},"properties":{"h3_index":"8842cea6ebfffff","d_ta_c":0.42,"intensity":0.854,"roads":0.723,"green":0.0,"water":0.0,"exposure":0.854,"vulnerability":0.813,"place":"Shastri Nagar","place_exact":true,"peak_hour":13,"wbgt_focus":31.0,"utci_focus":44.0,"risk_focus":0.405}},{"type":"Feature","geometry":{"type":"Polygon","coordinates":[[[72.62540271185809,23.015692903695836],[72.62606295850455,23.01127482710078],[72.6309127590944,23.009571805256424],[72.63510272903542,23.0122865655468],[72.63444306773472,23.016704736796843],[72.62959285112717,23.01840805313027],[72.62540271185809,23.015692903695836]]]},"properties":{"h3_index":"8842cea6edfffff","d_ta_c":0.17,"intensity":0.771,"roads":0.567,"green":0.0,"water":0.0,"exposure":0.771,"vulnerability":0.813,"place":"Jantanagar -Ramol","place_exact":true,"peak_hour":13,"wbgt_focus":30.9,"utci_focus":43.7,"risk_focus":0.386}},{"type":"Feature","geometry":{"type":"Polygon","coordinates":[[[72.56810272474432,22.968849699090175],[72.56876628240599,22.964434883955708],[72.57361428623506,22.962734819113145],[72.57779914874628,22.96544927575247],[72.57713617532656,22.96986418640024],[72.5722877551335,22.971564544924068],[72.56810272474432,22.968849699090175]]]},"properties":{"h3_index":"8842cea701fffff","d_ta_c":-0.36,"intensity":0.594,"roads":0.232,"green":0.0,"water":0.0,"exposure":0.594,"vulnerability":0.813,"place":"Piplaj","place_exact":false,"peak_hour":13,"wbgt_focus":30.7,"utci_focus":43.0,"risk_focus":0.343}},{"type":"Feature","geometry":{"type":"Polygon","coordinates":[[[72.57713617532656,22.96986418640024],[72.57779914874628,22.96544927575247],[72.58264697827934,22.96374891301542],[72.58683225060355,22.966463167169245],[72.58616986148944,22.970878173189618],[72.58132161572537,22.972578829712276],[72.57713617532656,22.96986418640024]]]},"properties":{"h3_index":"8842cea703fffff","d_ta_c":-0.01,"intensity":0.711,"roads":0.453,"green":0.0,"water":0.0,"exposure":0.711,"vulnerability":0.813,"place":"Isanpur","place_exact":false,"peak_hour":13,"wbgt_focus":30.8,"utci_focus":43.5,"risk_focus":0.372}},{"type":"Feature","geometry":{"type":"Polygon","coordinates":[[[72.56458182989581,22.961720224947754],[72.56524554896227,22.957305890304358],[72.57009313645865,22.955606119077988],[72.57427742120109,22.958320388907524],[72.57361428623506,22.962734819113145],[72.56876628240599,22.964434883955708],[72.56458182989581,22.961720224947754]]]},"properties":{"h3_index":"8842cea705fffff","d_ta_c":-0.55,"intensity":0.53,"roads":0.111,"green":0.0,"water":0.0,"exposure":0.53,"vulnerability":0.813,"place":"Piplaj","place_exact":false,"peak_hour":13,"wbgt_focus":30.6,"utci_focus":42.7,"risk_focus":0.327}},{"type":"Feature","geometry":{"type":"Polygon","coordinates":[[[72.57361428623506,22.962734819113145],[72.57427742120109,22.958320388907524],[72.57912483453441,22.956620319891005],[72.58330952908129,22.959334387388267],[72.58264697827934,22.96374891301542],[72.57779914874628,22.96544927575247],[72.57361428623506,22.962734819113145]]]},"properties":{"h3_index":"8842cea707fffff","d_ta_c":-0.09,"intensity":0.683,"roads":0.4,"green":0.0,"water":0.0,"exposure":0.683,"vulnerability":0.813,"place":"Piplaj","place_exact":false,"peak_hour":13,"wbgt_focus":30.8,"utci_focus":43.3,"risk_focus":0.365}},{"type":"Feature","geometry":{"type":"Polygon","coordinates":[[[72.56259014988484,22.974964959539687],[72.56325413037408,22.97054975959135],[72.56810272474432,22.968849699090175],[72.5722877551335,22.971564544924068],[72.57162435896406,22.975979840477525],[72.56677534806546,22.97768019462063],[72.56259014988484,22.974964959539687]]]},"properties":{"h3_index":"8842cea709fffff","d_ta_c":-0.21,"intensity":0.644,"roads":0.326,"green":0.0,"water":0.0,"exposure":0.644,"vulnerability":0.813,"place":"Piplaj","place_exact":true,"peak_hour":13,"wbgt_focus":30.8,"utci_focus":43.2,"risk_focus":0.356}},{"type":"Feature","geometry":{"type":"Polygon","coordinates":[[[72.57162435896406,22.975979840477525],[72.5722877551335,22.971564544924068],[72.57713617532656,22.96986418640024],[72.58132161572537,22.972578829712276],[72.58065880393946,22.976994220730113],[72.57580996735105,22.978694873000236],[72.57162435896406,22.975979840477525]]]},"properties":{"h3_index":"8842cea70bfffff","d_ta_c":0.23,"intensity":0.79,"roads":0.61,"green":0.0,"water":0.011,"exposure":0.79,"vulnerability":0.813,"place":"Piplaj","place_exact":false,"peak_hour":13,"wbgt_focus":31.0,"utci_focus":43.8,"risk_focus":0.39}},{"type":"Feature","geometry":{"type":"Polygon","coordinates":[[[72.5590695101826,22.96783471135251],[72.55973365202247,22.96341999187206],[72.56458182989581,22.961720224947754],[72.56876628240599,22.964434883955708],[72.56810272474432,22.968849699090175],[72.56325413037408,22.97054975959135],[72.5590695101826,22.96783471135251]]]},"properties":{"h3_index":"8842cea70dfffff","d_ta_c":-0.57,"intensity":0.522,"roads":0.095,"green":0.0,"water":0.0,"exposure":0.522,"vulnerability":0.813,"place":"Piplaj","place_exact":true,"peak_hour":13,"wbgt_focus":30.6,"utci_focus":42.7,"risk_focus":0.325}},{"type":"Feature","geometry":{"type":"Polygon","coordinates":[[[72.58969348437097,22.978008100204335],[72.59035571170972,22.97359261386287],[72.595203782793,22.971891659365266],[72.59939004264655,22.974605897282853],[72.59872839981853,22.97902147880715],[72.5938799126061,22.98072272725974],[72.58969348437097,22.978008100204335]]]},"properties":{"h3_index":"8842cea711fffff","d_ta_c":0.69,"intensity":0.945,"roads":0.896,"green":0.0,"water":0.0,"exposure":0.945,"vulnerability":0.813,"place":"Isanpur","place_exact":true,"peak_hour":13,"wbgt_focus":31.2,"utci_focus":44.4,"risk_focus":0.425}},{"type":"Feature","geometry":{"type":"Polygon","coordinates":[[[72.59872839981853,22.97902147880715],[72.59939004264655,22.974605897282853],[72.60423793879727,22.972904644834216],[72.60842460809579,22.97561867987933],[72.60776354984195,22.980034356445667],[72.60291523769531,22.981735902953574],[72.59872839981853,22.97902147880715]]]},"properties":{"h3_index":"8842cea713fffff","d_ta_c":0.74,"intensity":0.961,"roads":0.957,"green":0.0,"water":0.04,"exposure":0.961,"vulnerability":0.813,"place":"Isanpur","place_exact":true,"peak_hour":13,"wbgt_focus":31.2,"utci_focus":44.5,"risk_focus":0.428}},{"type":"Feature","geometry":{"type":"Polygon","coordinates":[[[72.58616986148944,22.970878173189618],[72.58683225060355,22.966463167169245],[72.59167990558889,22.964762506561545],[72.59586558753794,22.967476558113013],[72.595203782793,22.971891659365266],[72.59035571170972,22.97359261386287],[72.58616986148944,22.970878173189618]]]},"properties":{"h3_index":"8842cea715fffff","d_ta_c":-0.03,"intensity":0.704,"roads":0.44,"green":0.0,"water":0.0,"exposure":0.704,"vulnerability":0.813,"place":"Isanpur","place_exact":false,"peak_hour":13,"wbgt_focus":30.8,"utci_focus":43.4,"risk_focus":0.37}},{"type":"Feature","geometry":{"type":"Polygon","coordinates":[[[72.595203782793,22.971891659365266],[72.59586558753794,22.967476558113013],[72.60071306772386,22.965775599658553],[72.60489915910955,22.968489448490864],[72.60423793879727,22.972904644834216],[72.59939004264655,22.974605897282853],[72.595203782793,22.971891659365266]]]},"properties":{"h3_index":"8842cea717fffff","d_ta_c":0.45,"intensity":0.863,"roads":0.74,"green":0.0,"water":0.0,"exposure":0.863,"vulnerability":0.813,"place":"Isanpur","place_exact":false,"peak_hour":13,"wbgt_focus":31.1,"utci_focus":44.1,"risk_focus":0.407}},{"type":"Feature","geometry":{"type":"Polygon","coordinates":[[[72.58418217228001,22.984124921893354],[72.58484482234464,22.979709050577636],[72.58969348437097,22.978008100204335],[72.5938799126061,22.98072272725974],[72.59321784713026,22.985138693850068],[72.58836876881038,22.98683993813909],[72.58418217228001,22.984124921893354]]]},"properties":{"h3_index":"8842cea719fffff","d_ta_c":0.18,"intensity":0.774,"roads":0.898,"green":0.0,"water":0.407,"exposure":0.774,"vulnerability":0.813,"place":"Isanpur","place_exact":false,"peak_hour":13,"wbgt_focus":30.9,"utci_focus":43.7,"risk_focus":0.387}},{"type":"Feature","geometry":{"type":"Polygon","coordinates":[[[72.59321784713026,22.985138693850068],[72.5938799126061,22.98072272725974],[72.59872839981853,22.97902147880715],[72.60291523769531,22.981735902953574],[72.60225375687176,22.986151964677685],[72.59740485349903,22.9878535071503],[72.59321784713026,22.985138693850068]]]},"properties":{"h3_index":"8842cea71bfffff","d_ta_c":0.86,"intensity":1.0,"roads":1.0,"green":0.0,"water":0.0,"exposure":1.0,"vulnerability":0.813,"place":"Isanpur","place_exact":true,"peak_hour":13,"wbgt_focus":31.2,"utci_focus":44.6,"risk_focus":0.436}},{"type":"Feature","geometry":{"type":"Polygon","coordinates":[[[72.58065880393946,22.976994220730113],[72.58132161572537,22.972578829712276],[72.58616986148944,22.970878173189618],[72.59035571170972,22.97359261386287],[72.58969348437097,22.978008100204335],[72.58484482234464,22.979709050577636],[72.58065880393946,22.976994220730113]]]},"properties":{"h3_index":"8842cea71dfffff","d_ta_c":0.29,"intensity":0.809,"roads":0.638,"green":0.0,"water":0.0,"exposure":0.809,"vulnerability":0.813,"place":"Isanpur","place_exact":false,"peak_hour":13,"wbgt_focus":31.0,"utci_focus":43.8,"risk_focus":0.395}},{"type":"Feature","geometry":{"type":"Polygon","coordinates":[[[72.56106167421225,22.9545914182594],[72.5617255545961,22.95017756417904],[72.5665727257912,22.948478086503865],[72.5707564328836,22.951192169386562],[72.57009313645865,22.955606119077988],[72.56524554896227,22.957305890304358],[72.56106167421225,22.9545914182594]]]},"properties":{"h3_index":"8842cea729fffff","d_ta_c":-0.64,"intensity":0.501,"roads":0.056,"green":0.0,"water":0.0,"exposure":0.501,"vulnerability":0.813,"place":"Piplaj","place_exact":false,"peak_hour":13,"wbgt_focus":30.6,"utci_focus":42.6,"risk_focus":0.319}},{"type":"Feature","geometry":{"type":"Polygon","coordinates":[[[72.57009313645865,22.955606119077988],[72.5707564328836,22.951192169386562],[72.5756034300485,22.949492394025533],[72.57978754693676,22.95220627472914],[72.57912483453441,22.956620319891005],[72.57427742120109,22.958320388907524],[72.57009313645865,22.955606119077988]]]},"properties":{"h3_index":"8842cea72bfffff","d_ta_c":-0.56,"intensity":0.526,"roads":0.103,"green":0.0,"water":0.0,"exposure":0.526,"vulnerability":0.813,"place":"Piplaj","place_exact":false,"peak_hour":13,"wbgt_focus":30.6,"utci_focus":42.7,"risk_focus":0.326}},{"type":"Feature","geometry":{"type":"Polygon","coordinates":[[[72.58815676799992,22.957634020605376],[72.58881889631606,22.953219880113707],[72.59366554466584,22.95151950945236],[72.59785048058188,22.95423298544737],[72.59718893641546,22.958647221128157],[72.59234187216317,22.960347885653533],[72.58815676799992,22.957634020605376]]]},"properties":{"h3_index":"8842cea731fffff","d_ta_c":0.03,"intensity":0.722,"roads":0.473,"green":0.0,"water":0.0,"exposure":0.722,"vulnerability":0.813,"place":"Isanpur","place_exact":false,"peak_hour":13,"wbgt_focus":30.9,"utci_focus":43.5,"risk_focus":0.375}},{"type":"Feature","geometry":{"type":"Polygon","coordinates":[[[72.59718893641546,22.958647221128157],[72.59785048058188,22.95423298544737],[72.60269695414677,22.952532317171645],[72.60688229929455,22.95524559063721],[72.60622133934126,22.95965992136646],[72.60137445000697,22.961360883610404],[72.59718893641546,22.958647221128157]]]},"properties":{"h3_index":"8842cea733fffff","d_ta_c":-0.01,"intensity":0.708,"roads":0.448,"green":0.0,"water":0.0,"exposure":0.708,"vulnerability":0.813,"place":"Isanpur","place_exact":false,"peak_hour":13,"wbgt_focus":30.8,"utci_focus":43.4,"risk_focus":0.371}},{"type":"Feature","geometry":{"type":"Polygon","coordinates":[[[72.58264697827934,22.96374891301542],[72.58330952908129,22.959334387388267],[72.58815676799992,22.957634020605376],[72.59234187216317,22.960347885653533],[72.59167990558889,22.964762506561545],[72.58683225060355,22.966463167169245],[72.58264697827934,22.96374891301542]]]},"properties":{"h3_index":"8842cea739fffff","d_ta_c":-0.04,"intensity":0.698,"roads":0.43,"green":0.0,"water":0.0,"exposure":0.698,"vulnerability":0.813,"place":"Isanpur","place_exact":false,"peak_hour":13,"wbgt_focus":30.8,"utci_focus":43.4,"risk_focus":0.369}},{"type":"Feature","geometry":{"type":"Polygon","coordinates":[[[72.59167990558889,22.964762506561545],[72.59234187216317,22.960347885653533],[72.59718893641546,22.958647221128157],[72.60137445000697,22.961360883610404],[72.60071306772386,22.965775599658553],[72.59586558753794,22.967476558113013],[72.59167990558889,22.964762506561545]]]},"properties":{"h3_index":"8842cea73bfffff","d_ta_c":-0.34,"intensity":0.601,"roads":0.277,"green":0.0,"water":0.04,"exposure":0.601,"vulnerability":0.813,"place":"Isanpur","place_exact":false,"peak_hour":13,"wbgt_focus":30.7,"utci_focus":43.0,"risk_focus":0.345}},{"type":"Feature","geometry":{"type":"Polygon","coordinates":[[[72.57912483453441,22.956620319891005],[72.57978754693676,22.95220627472914],[72.5846343698199,22.95050620170602],[72.58881889631606,22.953219880113707],[72.58815676799992,22.957634020605376],[72.58330952908129,22.959334387388267],[72.57912483453441,22.956620319891005]]]},"properties":{"h3_index":"8842cea73dfffff","d_ta_c":-0.0,"intensity":0.713,"roads":0.456,"green":0.0,"water":0.0,"exposure":0.713,"vulnerability":0.813,"place":"Piplaj","place_exact":false,"peak_hour":13,"wbgt_focus":30.8,"utci_focus":43.5,"risk_focus":0.372}},{"type":"Feature","geometry":{"type":"Polygon","coordinates":[[[72.54804183059588,22.980064824636994],[72.5487068183784,22.97564933582761],[72.55355617714174,22.973949578009808],[72.55774096492793,22.976665015532],[72.55707656147916,22.9810806001791],[72.5522267858902,22.98278065149498],[72.54804183059588,22.980064824636994]]]},"properties":{"h3_index":"8842cea741fffff","d_ta_c":-0.48,"intensity":0.555,"roads":0.236,"green":0.065,"water":0.0,"exposure":0.555,"vulnerability":0.813,"place":"Piplaj","place_exact":false,"peak_hour":13,"wbgt_focus":30.6,"utci_focus":42.8,"risk_focus":0.333}},{"type":"Feature","geometry":{"type":"Polygon","coordinates":[[[72.55707656147916,22.9810806001791],[72.55774096492793,22.976665015532],[72.56259014988484,22.974964959539687],[72.56677534806546,22.97768019462063],[72.56611152901431,22.98209587496471],[72.56126192736468,22.983796224559562],[72.55707656147916,22.9810806001791]]]},"properties":{"h3_index":"8842cea743fffff","d_ta_c":-0.3,"intensity":0.615,"roads":0.271,"green":0.0,"water":0.0,"exposure":0.615,"vulnerability":0.813,"place":"Piplaj","place_exact":true,"peak_hour":13,"wbgt_focus":30.7,"utci_focus":43.1,"risk_focus":0.349}},{"type":"Feature","geometry":{"type":"Polygon","coordinates":[[[72.54452244117464,22.97293369598121],[72.54518759011196,22.96851868766527],[72.5500365320812,22.966819223280527],[72.55422074188697,22.96953447380732],[72.55355617714174,22.973949578009808],[72.5487068183784,22.97564933582761],[72.54452244117464,22.97293369598121]]]},"properties":{"h3_index":"8842cea745fffff","d_ta_c":-0.44,"intensity":0.567,"roads":0.18,"green":0.0,"water":0.0,"exposure":0.567,"vulnerability":0.813,"place":"Piplaj","place_exact":true,"peak_hour":13,"wbgt_focus":30.6,"utci_focus":42.9,"risk_focus":0.336}},{"type":"Feature","geometry":{"type":"Polygon","coordinates":[[[72.55355617714174,22.973949578009808],[72.55422074188697,22.96953447380732],[72.5590695101826,22.96783471135251],[72.56325413037408,22.97054975959135],[72.56259014988484,22.974964959539687],[72.55774096492793,22.976665015532],[72.55355617714174,22.973949578009808]]]},"properties":{"h3_index":"8842cea747fffff","d_ta_c":-0.31,"intensity":0.609,"roads":0.261,"green":0.0,"water":0.0,"exposure":0.609,"vulnerability":0.813,"place":"Piplaj","place_exact":true,"peak_hour":13,"wbgt_focus":30.7,"utci_focus":43.0,"risk_focus":0.347}},{"type":"Feature","geometry":{"type":"Polygon","coordinates":[[[72.54252647036772,22.9861804509513],[72.54319188131954,22.98176457765021],[72.54804183059588,22.980064824636994],[72.5522267858902,22.98278065149498],[72.55156195934987,22.987196620725687],[72.54671159308347,22.98889666719749],[72.54252647036772,22.9861804509513]]]},"properties":{"h3_index":"8842cea749fffff","d_ta_c":-1.96,"intensity":0.061,"roads":0.067,"green":0.036,"water":1.0,"exposure":0.061,"vulnerability":0.813,"place":"Vasna","place_exact":false,"peak_hour":13,"wbgt_focus":29.9,"utci_focus":40.9,"risk_focus":0.144}},{"type":"Feature","geometry":{"type":"Polygon","coordinates":[[[72.55156195934987,22.987196620725687],[72.5522267858902,22.98278065149498],[72.55707656147916,22.9810806001791],[72.56126192736468,22.983796224559562],[72.5605976852998,22.988212289579135],[72.5557474928537,22.989912634458097],[72.55156195934987,22.987196620725687]]]},"properties":{"h3_index":"8842cea74bfffff","d_ta_c":-1.85,"intensity":0.096,"roads":0.21,"green":0.1,"water":1.0,"exposure":0.096,"vulnerability":0.813,"place":"Ranna Park","place_exact":false,"peak_hour":13,"wbgt_focus":30.0,"utci_focus":41.0,"risk_focus":0.169}},{"type":"Feature","geometry":{"type":"Polygon","coordinates":[[[72.53900733680446,22.979048548431784],[72.53967290885679,22.97463315560085],[72.54452244117464,22.97293369598121],[72.5487068183784,22.97564933582761],[72.54804183059588,22.980064824636994],[72.54319188131954,22.98176457765021],[72.53900733680446,22.979048548431784]]]},"properties":{"h3_index":"8842cea74dfffff","d_ta_c":-1.69,"intensity":0.15,"roads":0.192,"green":0.0,"water":1.0,"exposure":0.15,"vulnerability":0.813,"place":"Piplaj","place_exact":false,"peak_hour":13,"wbgt_focus":30.1,"utci_focus":41.2,"risk_focus":0.198}},{"type":"Feature","geometry":{"type":"Polygon","coordinates":[[[72.5696336477774,22.989227457418252],[72.57029730530297,22.9848112967506],[72.5751467327613,22.983110648900535],[72.57933291926494,22.98582586797484],[72.57866984634242,22.990242124149734],[72.573820002293,22.9919430657718],[72.5696336477774,22.989227457418252]]]},"properties":{"h3_index":"8842cea751fffff","d_ta_c":-0.14,"intensity":0.667,"roads":0.37,"green":0.0,"water":0.0,"exposure":0.667,"vulnerability":0.813,"place":"DaniLimda","place_exact":false,"peak_hour":13,"wbgt_focus":30.8,"utci_focus":43.3,"risk_focus":0.362}},{"type":"Feature","geometry":{"type":"Polygon","coordinates":[[[72.57866984634242,22.990242124149734],[72.57933291926494,22.98582586797484],[72.58418217228001,22.984124921893354],[72.58836876881038,22.98683993813909],[72.58770628055463,22.991256289680415],[72.58285661108161,22.992957529638296],[72.57866984634242,22.990242124149734]]]},"properties":{"h3_index":"8842cea753fffff","d_ta_c":-0.67,"intensity":0.49,"roads":0.36,"green":0.0,"water":0.407,"exposure":0.49,"vulnerability":0.813,"place":"Shah E Alam Roza","place_exact":true,"peak_hour":13,"wbgt_focus":30.5,"utci_focus":42.6,"risk_focus":0.316}},{"type":"Feature","geometry":{"type":"Polygon","coordinates":[[[72.56611152901431,22.98209587496471],[72.56677534806546,22.97768019462063],[72.57162435896406,22.975979840477525],[72.57580996735105,22.978694873000236],[72.5751467327613,22.983110648900535],[72.57029730530297,22.9848112967506],[72.56611152901431,22.98209587496471]]]},"properties":{"h3_index":"8842cea755fffff","d_ta_c":-0.09,"intensity":0.683,"roads":0.4,"green":0.0,"water":0.0,"exposure":0.683,"vulnerability":0.813,"place":"Piplaj","place_exact":false,"peak_hour":13,"wbgt_focus":30.8,"utci_focus":43.3,"risk_focus":0.365}},{"type":"Feature","geometry":{"type":"Polygon","coordinates":[[[72.5751467327613,22.983110648900535],[72.57580996735105,22.978694873000236],[72.58065880393946,22.976994220730113],[72.58484482234464,22.979709050577636],[72.58418217228001,22.984124921893354],[72.57933291926494,22.98582586797484],[72.5751467327613,22.983110648900535]]]},"properties":{"h3_index":"8842cea757fffff","d_ta_c":0.67,"intensity":0.938,"roads":0.882,"green":0.0,"water":0.0,"exposure":0.938,"vulnerability":0.813,"place":"Shah E Alam Roza","place_exact":false,"peak_hour":13,"wbgt_focus":31.2,"utci_focus":44.4,"risk_focus":0.423}},{"type":"Feature","geometry":{"type":"Polygon","coordinates":[[[72.56411954881008,22.995344646000465],[72.56478362940362,22.99092810068064],[72.5696336477774,22.989227457418252],[72.573820002293,22.9919430657718],[72.57315650638049,22.996359706690736],[72.56830607125116,22.99806064368572],[72.56411954881008,22.995344646000465]]]},"properties":{"h3_index":"8842cea759fffff","d_ta_c":-1.29,"intensity":0.284,"roads":0.359,"green":0.0,"water":0.891,"exposure":0.284,"vulnerability":0.813,"place":"Ranna Park","place_exact":true,"peak_hour":13,"wbgt_focus":30.3,"utci_focus":41.8,"risk_focus":0.253}},{"type":"Feature","geometry":{"type":"Polygon","coordinates":[[[72.57315650638049,22.996359706690736],[72.573820002293,22.9919430657718],[72.57866984634242,22.990242124149734],[72.58285661108161,22.992957529638296],[72.58219369991386,22.997374266015512],[72.57734343924199,22.99907550147459],[72.57315650638049,22.996359706690736]]]},"properties":{"h3_index":"8842cea75bfffff","d_ta_c":0.57,"intensity":0.905,"roads":0.82,"green":0.0,"water":0.0,"exposure":0.905,"vulnerability":0.813,"place":"DaniLimda","place_exact":true,"peak_hour":13,"wbgt_focus":31.1,"utci_focus":44.2,"risk_focus":0.416}},{"type":"Feature","geometry":{"type":"Polygon","coordinates":[[[72.5605976852998,22.988212289579135],[72.56126192736468,22.983796224559562],[72.56611152901431,22.98209587496471],[72.57029730530297,22.9848112967506],[72.5696336477774,22.989227457418252],[72.56478362940362,22.99092810068064],[72.5605976852998,22.988212289579135]]]},"properties":{"h3_index":"8842cea75dfffff","d_ta_c":-0.01,"intensity":0.711,"roads":0.454,"green":0.0,"water":0.0,"exposure":0.711,"vulnerability":0.813,"place":"Ranna Park","place_exact":false,"peak_hour":13,"wbgt_focus":30.8,"utci_focus":43.5,"risk_focus":0.372}},{"type":"Feature","geometry":{"type":"Polygon","coordinates":[[[72.54651762609123,22.959689536200376],[72.54718251316717,22.955275393103285],[72.55203044823473,22.953576217528433],[72.55621391280444,22.956290891671866],[72.55554960970132,22.960705130612432],[72.55070125803545,22.962404599594752],[72.54651762609123,22.959689536200376]]]},"properties":{"h3_index":"8842cea761fffff","d_ta_c":-0.64,"intensity":0.5,"roads":0.085,"green":0.0,"water":0.038,"exposure":0.5,"vulnerability":0.813,"place":"Piplaj","place_exact":false,"peak_hour":13,"wbgt_focus":30.6,"utci_focus":42.6,"risk_focus":0.319}},{"type":"Feature","geometry":{"type":"Polygon","coordinates":[[[72.55554960970132,22.960705130612432],[72.55621391280444,22.956290891671866],[72.56106167421225,22.9545914182594],[72.56524554896227,22.957305890304358],[72.56458182989581,22.961720224947754],[72.55973365202247,22.96341999187206],[72.55554960970132,22.960705130612432]]]},"properties":{"h3_index":"8842cea763fffff","d_ta_c":-0.33,"intensity":0.604,"roads":0.252,"green":0.0,"water":0.0,"exposure":0.604,"vulnerability":0.813,"place":"Piplaj","place_exact":false,"peak_hour":13,"wbgt_focus":30.7,"utci_focus":43.0,"risk_focus":0.346}},{"type":"Feature","geometry":{"type":"Polygon","coordinates":[[[72.54299945896561,22.952560516978295],[72.54366450707592,22.94814685454178],[72.54851202557671,22.946447972309382],[72.55269491251374,22.94916245919969],[72.55203044823473,22.953576217528433],[72.54718251316717,22.955275393103285],[72.54299945896561,22.952560516978295]]]},"properties":{"h3_index":"8842cea765fffff","d_ta_c":-1.84,"intensity":0.1,"roads":0.097,"green":0.0,"water":1.0,"exposure":0.1,"vulnerability":0.813,"place":"Piplaj","place_exact":false,"peak_hour":13,"wbgt_focus":30.0,"utci_focus":41.0,"risk_focus":0.171}},{"type":"Feature","geometry":{"type":"Polygon","coordinates":[[[72.55203044823473,22.953576217528433],[72.55269491251374,22.94916245919969],[72.55754225748747,22.947463279234075],[72.5617255545961,22.95017756417904],[72.56106167421225,22.9545914182594],[72.55621391280444,22.956290891671866],[72.55203044823473,22.953576217528433]]]},"properties":{"h3_index":"8842cea767fffff","d_ta_c":-0.2,"intensity":0.646,"roads":0.33,"green":0.0,"water":0.0,"exposure":0.646,"vulnerability":0.813,"place":"Piplaj","place_exact":false,"peak_hour":13,"wbgt_focus":30.8,"utci_focus":43.2,"risk_focus":0.356}},{"type":"Feature","geometry":{"type":"Polygon","coordinates":[[[72.54100379087981,22.965803234967524],[72.54166910088458,22.96138870721708],[72.54651762609123,22.959689536200376],[72.55070125803545,22.962404599594752],[72.5500365320812,22.966819223280527],[72.54518759011196,22.96851868766527],[72.54100379087981,22.965803234967524]]]},"properties":{"h3_index":"8842cea769fffff","d_ta_c":-0.49,"intensity":0.551,"roads":0.181,"green":0.0,"water":0.038,"exposure":0.551,"vulnerability":0.813,"place":"Piplaj","place_exact":false,"peak_hour":13,"wbgt_focus":30.6,"utci_focus":42.8,"risk_focus":0.332}},{"type":"Feature","geometry":{"type":"Polygon","coordinates":[[[72.5500365320812,22.966819223280527],[72.55070125803545,22.962404599594752],[72.55554960970132,22.960705130612432],[72.55973365202247,22.96341999187206],[72.5590695101826,22.96783471135251],[72.55422074188697,22.96953447380732],[72.5500365320812,22.966819223280527]]]},"properties":{"h3_index":"8842cea76bfffff","d_ta_c":-0.37,"intensity":0.59,"roads":0.225,"green":0.0,"water":0.0,"exposure":0.59,"vulnerability":0.813,"place":"Piplaj","place_exact":true,"peak_hour":13,"wbgt_focus":30.7,"utci_focus":43.0,"risk_focus":0.342}},{"type":"Feature","geometry":{"type":"Polygon","coordinates":[[[72.53748587950511,22.95867344180497],[72.53815135048997,22.954259394691928],[72.54299945896561,22.952560516978295],[72.54718251316717,22.955275393103285],[72.54651762609123,22.959689536200376],[72.54166910088458,22.96138870721708],[72.53748587950511,22.95867344180497]]]},"properties":{"h3_index":"8842cea76dfffff","d_ta_c":-1.93,"intensity":0.071,"roads":0.043,"green":0.0,"water":1.0,"exposure":0.071,"vulnerability":0.813,"place":"Piplaj","place_exact":false,"peak_hour":13,"wbgt_focus":30.0,"utci_focus":40.9,"risk_focus":0.152}},{"type":"Feature","geometry":{"type":"Polygon","coordinates":[[[72.49987844520685,23.055517857722297],[72.50054734914426,23.05109756889731],[72.5054034520468,23.049397280412567],[72.50959106952745,23.05211698755107],[72.50892275098474,23.056537373036964],[72.50406622954627,23.05823795475214],[72.49987844520685,23.055517857722297]]]},"properties":{"h3_index":"8842ceb403fffff","d_ta_c":-0.13,"intensity":0.671,"roads":0.546,"green":0.136,"water":0.005,"exposure":0.671,"vulnerability":0.813,"place":"Thaltej","place_exact":true,"peak_hour":13,"wbgt_focus":30.8,"utci_focus":43.3,"risk_focus":0.363}},{"type":"Feature","geometry":{"type":"Polygon","coordinates":[[[72.49636014423565,23.048377658765773],[72.4970292089577,23.043957850053445],[72.50188489335633,23.042257854734256],[72.50607193151639,23.044977374990562],[72.5054034520468,23.049397280412567],[72.50054734914426,23.05109756889731],[72.49636014423565,23.048377658765773]]]},"properties":{"h3_index":"8842ceb407fffff","d_ta_c":-0.2,"intensity":0.648,"roads":0.362,"green":0.022,"water":0.0,"exposure":0.648,"vulnerability":0.813,"place":"Thaltej","place_exact":true,"peak_hour":13,"wbgt_focus":30.8,"utci_focus":43.2,"risk_focus":0.357}},{"type":"Feature","geometry":{"type":"Polygon","coordinates":[[[72.51244279037721,23.063678132396987],[72.51311094790547,23.059257266920014],[72.51796729633298,23.057556385433315],[72.52215590564667,23.060276076051956],[72.5214883337199,23.06469703799982],[72.51663156685757,23.066398212886856],[72.51244279037721,23.063678132396987]]]},"properties":{"h3_index":"8842ceb411fffff","d_ta_c":0.49,"intensity":0.876,"roads":0.806,"green":0.035,"water":0.0,"exposure":0.876,"vulnerability":0.813,"place":"Sola","place_exact":true,"peak_hour":13,"wbgt_focus":31.1,"utci_focus":44.1,"risk_focus":0.41}},{"type":"Feature","geometry":{"type":"Polygon","coordinates":[[[72.5214883337199,23.06469703799982],[72.52215590564667,23.060276076051956],[72.52701208081034,23.05857489481725],[72.53120110232852,23.06129438205388],[72.53053411606773,23.065715440331484],[72.52567752260236,23.06741691507143],[72.5214883337199,23.06469703799982]]]},"properties":{"h3_index":"8842ceb413fffff","d_ta_c":0.79,"intensity":0.975,"roads":0.965,"green":0.01,"water":0.0,"exposure":0.975,"vulnerability":0.813,"place":"Bhagwat Nagar","place_exact":true,"peak_hour":13,"wbgt_focus":31.2,"utci_focus":44.5,"risk_focus":0.431}},{"type":"Feature","geometry":{"type":"Polygon","coordinates":[[[72.50892275098474,23.056537373036964],[72.50959106952745,23.05211698755107],[72.51444699955205,23.050416399399765],[72.51863502941644,23.053135903427634],[72.51796729633298,23.057556385433315],[72.51311094790547,23.059257266920014],[72.50892275098474,23.056537373036964]]]},"properties":{"h3_index":"8842ceb415fffff","d_ta_c":-0.09,"intensity":0.684,"roads":0.441,"green":0.021,"water":0.017,"exposure":0.684,"vulnerability":0.813,"place":"Thaltej","place_exact":true,"peak_hour":13,"wbgt_focus":30.8,"utci_focus":43.3,"risk_focus":0.366}},{"type":"Feature","geometry":{"type":"Polygon","coordinates":[[[72.51796729633298,23.057556385433315],[72.51863502941644,23.053135903427634],[72.52349078631025,23.05143501563324],[72.52767922837008,23.054154316432918],[72.52701208081034,23.05857489481725],[72.52215590564667,23.060276076051956],[72.51796729633298,23.057556385433315]]]},"properties":{"h3_index":"8842ceb417fffff","d_ta_c":0.43,"intensity":0.858,"roads":0.757,"green":0.021,"water":0.0,"exposure":0.858,"vulnerability":0.813,"place":"Memnagar","place_exact":true,"peak_hour":13,"wbgt_focus":31.0,"utci_focus":44.0,"risk_focus":0.406}},{"type":"Feature","geometry":{"type":"Polygon","coordinates":[[[72.50691726826534,23.06980025623953],[72.50758585037082,23.065379007407536],[72.51244279037721,23.063678132396987],[72.51663156685757,23.066398212886856],[72.51596357043134,23.070819558282036],[72.51110621182508,23.072520726652876],[72.50691726826534,23.06980025623953]]]},"properties":{"h3_index":"8842ceb419fffff","d_ta_c":-0.09,"intensity":0.683,"roads":0.53,"green":0.107,"water":0.0,"exposure":0.683,"vulnerability":0.813,"place":"Sola","place_exact":true,"peak_hour":13,"wbgt_focus":30.8,"utci_focus":43.3,"risk_focus":0.365}},{"type":"Feature","geometry":{"type":"Polygon","coordinates":[[[72.51596357043134,23.070819558282036],[72.51663156685757,23.066398212886856],[72.5214883337199,23.06469703799982],[72.52567752260236,23.06741691507143],[72.52501011191995,23.07183835688859],[72.52015292659087,23.073539825240875],[72.51596357043134,23.070819558282036]]]},"properties":{"h3_index":"8842ceb41bfffff","d_ta_c":0.43,"intensity":0.858,"roads":0.751,"green":0.017,"water":0.0,"exposure":0.858,"vulnerability":0.813,"place":"Sola","place_exact":true,"peak_hour":13,"wbgt_focus":31.0,"utci_focus":44.0,"risk_focus":0.406}},{"type":"Feature","geometry":{"type":"Polygon","coordinates":[[[72.50339748648105,23.062658723617048],[72.50406622954627,23.05823795475214],[72.50892275098474,23.056537373036964],[72.51311094790547,23.059257266920014],[72.51244279037721,23.063678132396987],[72.50758585037082,23.065379007407536],[72.50339748648105,23.062658723617048]]]},"properties":{"h3_index":"8842ceb41dfffff","d_ta_c":-1.74,"intensity":0.135,"roads":0.35,"green":0.822,"water":0.0,"exposure":0.135,"vulnerability":0.813,"place":"Sola","place_exact":true,"peak_hour":13,"wbgt_focus":30.0,"utci_focus":41.2,"risk_focus":0.191}},{"type":"Feature","geometry":{"type":"Polygon","coordinates":[[[72.49836707470634,23.03511909621229],[72.49903587576716,23.03070015113601],[72.50389055077468,23.02900044260134],[72.508076843008,23.03171938603101],[72.50740862697987,23.036138427773516],[72.50255353366528,23.0378384294488],[72.49836707470634,23.03511909621229]]]},"properties":{"h3_index":"8842ceb423fffff","d_ta_c":-0.29,"intensity":0.616,"roads":0.344,"green":0.05,"water":0.011,"exposure":0.616,"vulnerability":0.813,"place":"Ramdev nagar","place_exact":true,"peak_hour":13,"wbgt_focus":30.7,"utci_focus":43.1,"risk_focus":0.349}},{"type":"Feature","geometry":{"type":"Polygon","coordinates":[[[72.51092744317,23.043277080109714],[72.5115954983041,23.03885755820681],[72.51645041875385,23.037157257098194],[72.5206377022552,23.039876184610755],[72.51997023236044,23.044295802990074],[72.51511489370459,23.04599639740912],[72.51092744317,23.043277080109714]]]},"properties":{"h3_index":"8842ceb431fffff","d_ta_c":0.23,"intensity":0.79,"roads":0.634,"green":0.026,"water":0.0,"exposure":0.79,"vulnerability":0.813,"place":"Bodakdev","place_exact":true,"peak_hour":13,"wbgt_focus":31.0,"utci_focus":43.8,"risk_focus":0.39}},{"type":"Feature","geometry":{"type":"Polygon","coordinates":[[[72.51997023236044,23.044295802990074],[72.5206377022552,23.039876184610755],[72.52549244958743,23.03817558409231],[72.52968014507763,23.040894308566624],[72.52901326048662,23.045314023281303],[72.5241580950813,23.047014917215023],[72.51997023236044,23.044295802990074]]]},"properties":{"h3_index":"8842ceb433fffff","d_ta_c":-0.21,"intensity":0.645,"roads":0.476,"green":0.123,"water":0.0,"exposure":0.645,"vulnerability":0.813,"place":"Vastrapur","place_exact":true,"peak_hour":13,"wbgt_focus":30.8,"utci_focus":43.2,"risk_focus":0.356}},{"type":"Feature","geometry":{"type":"Polygon","coordinates":[[[72.50740862697987,23.036138427773516],[72.508076843008,23.03171938603101],[72.51293134528355,23.030019378167896],[72.51711804968477,23.03273811883046],[72.51645041875385,23.037157257098194],[72.5115954983041,23.03885755820681],[72.50740862697987,23.036138427773516]]]},"properties":{"h3_index":"8842ceb435fffff","d_ta_c":0.41,"intensity":0.85,"roads":0.738,"green":0.018,"water":0.0,"exposure":0.85,"vulnerability":0.813,"place":"Ramdev nagar","place_exact":true,"peak_hour":13,"wbgt_focus":31.0,"utci_focus":44.0,"risk_focus":0.404}},{"type":"Feature","geometry":{"type":"Polygon","coordinates":[[[72.51645041875385,23.037157257098194],[72.51711804968477,23.03273811883046],[72.52197237897576,23.031037811662358],[72.52615949535674,23.033756349440342],[72.52549244958743,23.03817558409231],[72.5206377022552,23.039876184610755],[72.51645041875385,23.037157257098194]]]},"properties":{"h3_index":"8842ceb437fffff","d_ta_c":0.26,"intensity":0.8,"roads":0.649,"green":0.022,"water":0.0,"exposure":0.8,"vulnerability":0.813,"place":"Vastrapur","place_exact":true,"peak_hour":13,"wbgt_focus":31.0,"utci_focus":43.8,"risk_focus":0.393}},{"type":"Feature","geometry":{"type":"Polygon","coordinates":[[[72.5054034520468,23.049397280412567],[72.50607193151639,23.044977374990562],[72.51092744317,23.043277080109714],[72.51511489370459,23.04599639740912],[72.51444699955205,23.050416399399765],[72.50959106952745,23.05211698755107],[72.5054034520468,23.049397280412567]]]},"properties":{"h3_index":"8842ceb439fffff","d_ta_c":0.0,"intensity":0.714,"roads":0.503,"green":0.023,"water":0.021,"exposure":0.714,"vulnerability":0.813,"place":"Thaltej","place_exact":true,"peak_hour":13,"wbgt_focus":30.8,"utci_focus":43.5,"risk_focus":0.373}},{"type":"Feature","geometry":{"type":"Polygon","coordinates":[[[72.51444699955205,23.050416399399765],[72.51511489370459,23.04599639740912],[72.51997023236044,23.044295802990074],[72.5241580950813,23.047014917215023],[72.52349078631025,23.05143501563324],[72.51863502941644,23.053135903427634],[72.51444699955205,23.050416399399765]]]},"properties":{"h3_index":"8842ceb43bfffff","d_ta_c":0.04,"intensity":0.726,"roads":0.581,"green":0.083,"water":0.0,"exposure":0.726,"vulnerability":0.813,"place":"Bodakdev","place_exact":true,"peak_hour":13,"wbgt_focus":30.9,"utci_focus":43.5,"risk_focus":0.376}},{"type":"Feature","geometry":{"type":"Polygon","coordinates":[[[72.50188489335633,23.042257854734256],[72.50255353366528,23.0378384294488],[72.50740862697987,23.036138427773516],[72.5115954983041,23.03885755820681],[72.51092744317,23.043277080109714],[72.50607193151639,23.044977374990562],[72.50188489335633,23.042257854734256]]]},"properties":{"h3_index":"8842ceb43dfffff","d_ta_c":-0.14,"intensity":0.667,"roads":0.477,"green":0.089,"water":0.0,"exposure":0.667,"vulnerability":0.813,"place":"Thaltej","place_exact":true,"peak_hour":13,"wbgt_focus":30.8,"utci_focus":43.3,"risk_focus":0.362}},{"type":"Feature","geometry":{"type":"Polygon","coordinates":[[[72.5013907298198,23.075922756676093],[72.50205973663496,23.071501124605405],[72.50691726826534,23.06980025623953],[72.51110621182508,23.072520726652876],[72.51043779076693,23.07694245537906],[72.50557984037158,23.07864361706513],[72.5013907298198,23.075922756676093]]]},"properties":{"h3_index":"8842ceb453fffff","d_ta_c":-0.02,"intensity":0.706,"roads":0.472,"green":0.023,"water":0.0,"exposure":0.706,"vulnerability":0.813,"place":"Sola","place_exact":true,"peak_hour":13,"wbgt_focus":30.8,"utci_focus":43.4,"risk_focus":0.371}},{"type":"Feature","geometry":{"type":"Polygon","coordinates":[[[72.49787120586346,23.068780450855286],[72.49854037358361,23.064359298727627],[72.50339748648105,23.062658723617048],[72.50758585037082,23.065379007407536],[72.50691726826534,23.06980025623953],[72.50205973663496,23.071501124605405],[72.49787120586346,23.068780450855286]]]},"properties":{"h3_index":"8842ceb457fffff","d_ta_c":-2.08,"intensity":0.019,"roads":0.344,"green":1.0,"water":0.0,"exposure":0.019,"vulnerability":0.813,"place":"Sola","place_exact":true,"peak_hour":13,"wbgt_focus":29.9,"utci_focus":40.7,"risk_focus":0.096}},{"type":"Feature","geometry":{"type":"Polygon","coordinates":[[[72.49586317486302,23.082045633421632],[72.49653260652032,23.07762361822868],[72.5013907298198,23.075922756676093],[72.50557984037158,23.07864361706513],[72.50491099454901,23.083065729005902],[72.50005245231944,23.08476688383854],[72.49586317486302,23.082045633421632]]]},"properties":{"h3_index":"8842ceb45bfffff","d_ta_c":-0.02,"intensity":0.706,"roads":0.449,"green":0.005,"water":0.0,"exposure":0.706,"vulnerability":0.813,"place":"Sola","place_exact":false,"peak_hour":13,"wbgt_focus":30.8,"utci_focus":43.4,"risk_focus":0.371}},{"type":"Feature","geometry":{"type":"Polygon","coordinates":[[[72.5541478646033,23.06162740395498],[72.55481325520593,23.057206537281612],[72.55966831704849,23.05550445115098],[72.56385840600493,23.058222937862844],[72.56319360118302,23.062643900350157],[72.55833812160367,23.064346280340395],[72.5541478646033,23.06162740395498]]]},"properties":{"h3_index":"8842ceb481fffff","d_ta_c":0.55,"intensity":0.895,"roads":0.802,"green":0.0,"water":0.0,"exposure":0.895,"vulnerability":0.813,"place":"Akhbar nagar","place_exact":true,"peak_hour":13,"wbgt_focus":31.1,"utci_focus":44.2,"risk_focus":0.414}},{"type":"Feature","geometry":{"type":"Polygon","coordinates":[[[72.56319360118302,23.062643900350157],[72.56385840600493,23.058222937862844],[72.56871329345265,23.05652055220751],[72.57290379366158,23.059238835103844],[72.5722395746845,23.063659893263868],[72.56738426963341,23.065362572883576],[72.56319360118302,23.062643900350157]]]},"properties":{"h3_index":"8842ceb483fffff","d_ta_c":0.67,"intensity":0.938,"roads":0.886,"green":0.003,"water":0.0,"exposure":0.938,"vulnerability":0.813,"place":"Akhbar nagar","place_exact":true,"peak_hour":13,"wbgt_focus":31.2,"utci_focus":44.4,"risk_focus":0.423}},{"type":"Feature","geometry":{"type":"Polygon","coordinates":[[[72.55062357769074,23.054487846871616],[72.55128912993123,23.050067460017384],[72.55614377406859,23.048365667681402],[72.56033328365038,23.051083968433733],[72.55966831704849,23.05550445115098],[72.55481325520593,23.057206537281612],[72.55062357769074,23.054487846871616]]]},"properties":{"h3_index":"8842ceb485fffff","d_ta_c":0.33,"intensity":0.823,"roads":0.701,"green":0.03,"water":0.0,"exposure":0.823,"vulnerability":0.813,"place":"Naranpura","place_exact":true,"peak_hour":13,"wbgt_focus":31.0,"utci_focus":43.9,"risk_focus":0.398}},{"type":"Feature","geometry":{"type":"Polygon","coordinates":[[[72.55966831704849,23.05550445115098],[72.56033328365038,23.051083968433733],[72.56518775352627,23.04938187667775],[72.56937767435187,23.052099973768406],[72.56871329345265,23.05652055220751],[72.56385840600493,23.058222937862844],[72.55966831704849,23.05550445115098]]]},"properties":{"h3_index":"8842ceb487fffff","d_ta_c":0.34,"intensity":0.826,"roads":0.677,"green":0.005,"water":0.0,"exposure":0.826,"vulnerability":0.813,"place":"Usmanpura","place_exact":true,"peak_hour":13,"wbgt_focus":31.0,"utci_focus":43.9,"risk_focus":0.399}},{"type":"Feature","geometry":{"type":"Polygon","coordinates":[[[72.54862639601266,23.067750734805387],[72.54929221074855,23.063329484291923],[72.5541478646033,23.06162740395498],[72.55833812160367,23.064346280340395],[72.55767289272661,23.06876762675993],[72.55281682097007,23.07047000091671],[72.54862639601266,23.067750734805387]]]},"properties":{"h3_index":"8842ceb489fffff","d_ta_c":0.52,"intensity":0.886,"roads":0.802,"green":0.015,"water":0.0,"exposure":0.886,"vulnerability":0.813,"place":"Nirnay Nagar","place_exact":true,"peak_hour":13,"wbgt_focus":31.1,"utci_focus":44.2,"risk_focus":0.412}},{"type":"Feature","geometry":{"type":"Polygon","coordinates":[[[72.55767289272661,23.06876762675993],[72.55833812160367,23.064346280340395],[72.56319360118302,23.062643900350157],[72.56738426963341,23.065362572883576],[72.56671962667927,23.06978401506793],[72.56186372933156,23.071486688982787],[72.55767289272661,23.06876762675993]]]},"properties":{"h3_index":"8842ceb48bfffff","d_ta_c":0.77,"intensity":0.968,"roads":0.94,"green":0.0,"water":0.0,"exposure":0.968,"vulnerability":0.813,"place":"Akhbar nagar","place_exact":true,"peak_hour":13,"wbgt_focus":31.2,"utci_focus":44.5,"risk_focus":0.43}},{"type":"Feature","geometry":{"type":"Polygon","coordinates":[[[72.54510236538691,23.06061040417195],[72.54576834170616,23.056189633453734],[72.55062357769074,23.054487846871616],[72.55481325520593,23.057206537281612],[72.5541478646033,23.06162740395498],[72.54929221074855,23.063329484291923],[72.54510236538691,23.06061040417195]]]},"properties":{"h3_index":"8842ceb48dfffff","d_ta_c":0.7,"intensity":0.947,"roads":0.899,"green":0.0,"water":0.0,"exposure":0.947,"vulnerability":0.813,"place":"Naranpura","place_exact":true,"peak_hour":13,"wbgt_focus":31.2,"utci_focus":44.4,"risk_focus":0.425}},{"type":"Feature","geometry":{"type":"Polygon","coordinates":[[[72.57576659742892,23.07079989963575],[72.57643065439606,23.066378361827873],[72.58128578466604,23.06467538260259],[72.58547727544988,23.067393647079818],[72.58481380453367,23.071815280369908],[72.57995825676242,23.073518553729315],[72.57576659742892,23.07079989963575]]]},"properties":{"h3_index":"8842ceb491fffff","d_ta_c":-0.01,"intensity":0.71,"roads":0.454,"green":0.003,"water":0.0,"exposure":0.71,"vulnerability":0.813,"place":"Ranip","place_exact":true,"peak_hour":13,"wbgt_focus":30.8,"utci_focus":43.4,"risk_focus":0.372}},{"type":"Feature","geometry":{"type":"Polygon","coordinates":[[[72.58481380453367,23.071815280369908],[72.58547727544988,23.067393647079818],[72.59033223068587,23.065690368272882],[72.59452413235303,23.068408428546007],[72.59386124755162,23.07283015717698],[72.58900587494801,23.074533730222715],[72.58481380453367,23.071815280369908]]]},"properties":{"h3_index":"8842ceb493fffff","d_ta_c":-0.32,"intensity":0.608,"roads":0.283,"green":0.021,"water":0.0,"exposure":0.608,"vulnerability":0.813,"place":"Ranip","place_exact":false,"peak_hour":13,"wbgt_focus":30.7,"utci_focus":43.0,"risk_focus":0.347}},{"type":"Feature","geometry":{"type":"Polygon","coordinates":[[[72.5722395746845,23.063659893263868],[72.57290379366158,23.059238835103844],[72.57775850646172,23.057536149947648],[72.58194941773435,23.060254228911123],[72.58128578466604,23.06467538260259],[72.57643065439606,23.066378361827873],[72.5722395746845,23.063659893263868]]]},"properties":{"h3_index":"8842ceb495fffff","d_ta_c":-1.16,"intensity":0.326,"roads":0.355,"green":0.0,"water":0.786,"exposure":0.326,"vulnerability":0.813,"place":"Dudheshwar","place_exact":true,"peak_hour":13,"wbgt_focus":30.3,"utci_focus":41.9,"risk_focus":0.267}},{"type":"Feature","geometry":{"type":"Polygon","coordinates":[[[72.58128578466604,23.06467538260259],[72.58194941773435,23.060254228911123],[72.58680395563411,23.058551244277975],[72.59099527778154,23.061269119191255],[72.59033223068587,23.065690368272882],[72.58547727544988,23.067393647079818],[72.58128578466604,23.06467538260259]]]},"properties":{"h3_index":"8842ceb497fffff","d_ta_c":-1.18,"intensity":0.32,"roads":0.441,"green":0.082,"water":0.786,"exposure":0.32,"vulnerability":0.813,"place":"Dudheshwar","place_exact":true,"peak_hour":13,"wbgt_focus":30.3,"utci_focus":41.9,"risk_focus":0.265}},{"type":"Feature","geometry":{"type":"Polygon","coordinates":[[[72.57024639374444,23.076924795093134],[72.57091087474296,23.072502873284844],[72.57576659742892,23.07079989963575],[72.57995825676242,23.073518553729315],[72.57929436189309,23.0779405711119],[72.57443822154079,23.079643838855386],[72.57024639374444,23.076924795093134]]]},"properties":{"h3_index":"8842ceb499fffff","d_ta_c":0.49,"intensity":0.878,"roads":0.771,"green":0.002,"water":0.0,"exposure":0.878,"vulnerability":0.813,"place":"Ranip","place_exact":true,"peak_hour":13,"wbgt_focus":31.1,"utci_focus":44.1,"risk_focus":0.41}},{"type":"Feature","geometry":{"type":"Polygon","coordinates":[[[72.57929436189309,23.0779405711119],[72.57995825676242,23.073518553729315],[72.58481380453367,23.071815280369908],[72.58900587494801,23.074533730222715],[72.5883425662718,23.07895584303827],[72.58348660096787,23.080659410596812],[72.57929436189309,23.0779405711119]]]},"properties":{"h3_index":"8842ceb49bfffff","d_ta_c":-0.36,"intensity":0.592,"roads":0.228,"green":0.0,"water":0.0,"exposure":0.592,"vulnerability":0.813,"place":"Ranip","place_exact":true,"peak_hour":13,"wbgt_focus":30.7,"utci_focus":43.0,"risk_focus":0.343}},{"type":"Feature","geometry":{"type":"Polygon","coordinates":[[[72.56671962667927,23.06978401506793],[72.56738426963341,23.065362572883576],[72.5722395746845,23.063659893263868],[72.57643065439606,23.066378361827873],[72.57576659742892,23.07079989963575],[72.57091087474296,23.072502873284844],[72.56671962667927,23.06978401506793]]]},"properties":{"h3_index":"8842ceb49dfffff","d_ta_c":0.57,"intensity":0.904,"roads":0.826,"green":0.006,"water":0.0,"exposure":0.904,"vulnerability":0.813,"place":"Nava-Vadaj","place_exact":true,"peak_hour":13,"wbgt_focus":31.1,"utci_focus":44.2,"risk_focus":0.416}},{"type":"Feature","geometry":{"type":"Polygon","coordinates":[[[72.55261997203624,23.041227550152204],[72.5532852619349,23.03680802719374],[72.5581388967618,23.035106523041488],[72.56232765917848,23.037824248107043],[72.56166295469832,23.042243866885492],[72.55680890236269,23.043945664807126],[72.55261997203624,23.041227550152204]]]},"properties":{"h3_index":"8842ceb4a1fffff","d_ta_c":0.15,"intensity":0.765,"roads":0.587,"green":0.026,"water":0.0,"exposure":0.765,"vulnerability":0.813,"place":"Navrangpura","place_exact":true,"peak_hour":13,"wbgt_focus":30.9,"utci_focus":43.7,"risk_focus":0.385}},{"type":"Feature","geometry":{"type":"Polygon","coordinates":[[[72.56166295469832,23.042243866885492],[72.56232765917848,23.037824248107043],[72.5671811197579,23.03612244476798],[72.57137029321234,23.03883996636208],[72.57070617421469,23.04325968081944],[72.56585229625983,23.04496177803252],[72.56166295469832,23.042243866885492]]]},"properties":{"h3_index":"8842ceb4a3fffff","d_ta_c":0.35,"intensity":0.83,"roads":0.712,"green":0.027,"water":0.0,"exposure":0.83,"vulnerability":0.813,"place":"Navrangpura","place_exact":true,"peak_hour":13,"wbgt_focus":31.0,"utci_focus":43.9,"risk_focus":0.4}},{"type":"Feature","geometry":{"type":"Polygon","coordinates":[[[72.54909691074451,23.03409009877405],[72.54976236216005,23.029671055804183],[72.55461557950979,23.02796984535627],[72.55880376290087,23.030687384202594],[72.5581388967618,23.035106523041488],[72.5532852619349,23.03680802719374],[72.54909691074451,23.03409009877405]]]},"properties":{"h3_index":"8842ceb4a5fffff","d_ta_c":0.04,"intensity":0.727,"roads":0.505,"green":0.018,"water":0.0,"exposure":0.727,"vulnerability":0.813,"place":"Gulbai tekra","place_exact":true,"peak_hour":13,"wbgt_focus":30.9,"utci_focus":43.5,"risk_focus":0.376}},{"type":"Feature","geometry":{"type":"Polygon","coordinates":[[[72.5581388967618,23.035106523041488],[72.55880376290087,23.030687384202594],[72.56365680613638,23.028985874672557],[72.56784540055648,23.031703210201115],[72.5671811197579,23.03612244476798],[72.56232765917848,23.037824248107043],[72.5581388967618,23.035106523041488]]]},"properties":{"h3_index":"8842ceb4a7fffff","d_ta_c":0.27,"intensity":0.804,"roads":0.632,"green":0.002,"water":0.0,"exposure":0.804,"vulnerability":0.813,"place":"Navrangpura","place_exact":true,"peak_hour":13,"wbgt_focus":31.0,"utci_focus":43.8,"risk_focus":0.394}},{"type":"Feature","geometry":{"type":"Polygon","coordinates":[[[72.54710003178188,23.04734895572076],[72.54776574557248,23.042929048758566],[72.55261997203624,23.041227550152204],[72.55680890236269,23.043945664807126],[72.55614377406859,23.048365667681402],[72.55128912993123,23.050067460017384],[72.54710003178188,23.04734895572076]]]},"properties":{"h3_index":"8842ceb4a9fffff","d_ta_c":0.35,"intensity":0.831,"roads":0.701,"green":0.017,"water":0.0,"exposure":0.831,"vulnerability":0.813,"place":"Naranpura","place_exact":false,"peak_hour":13,"wbgt_focus":31.0,"utci_focus":43.9,"risk_focus":0.4}},{"type":"Feature","geometry":{"type":"Polygon","coordinates":[[[72.55614377406859,23.048365667681402],[72.55680890236269,23.043945664807126],[72.56166295469832,23.042243866885492],[72.56585229625983,23.04496177803252],[72.56518775352627,23.04938187667775],[72.56033328365038,23.051083968433733],[72.55614377406859,23.048365667681402]]]},"properties":{"h3_index":"8842ceb4abfffff","d_ta_c":0.54,"intensity":0.892,"roads":0.801,"green":0.004,"water":0.0,"exposure":0.892,"vulnerability":0.813,"place":"Usmanpura","place_exact":true,"peak_hour":13,"wbgt_focus":31.1,"utci_focus":44.2,"risk_focus":0.413}},{"type":"Feature","geometry":{"type":"Polygon","coordinates":[[[72.54357722666965,23.040210730713124],[72.54424310192272,23.035791303715765],[72.54909691074451,23.03409009877405],[72.5532852619349,23.03680802719374],[72.55261997203624,23.041227550152204],[72.54776574557248,23.042929048758566],[72.54357722666965,23.040210730713124]]]},"properties":{"h3_index":"8842ceb4adfffff","d_ta_c":0.05,"intensity":0.73,"roads":0.537,"green":0.039,"water":0.0,"exposure":0.73,"vulnerability":0.813,"place":"Panjrapole","place_exact":false,"peak_hour":13,"wbgt_focus":30.9,"utci_focus":43.5,"risk_focus":0.377}},{"type":"Feature","geometry":{"type":"Polygon","coordinates":[[[72.57423196971364,23.050397582616263],[72.57489592682263,23.04597738834126],[72.57974963014406,23.044274991860554],[72.58393979360973,23.04699249563989],[72.58327642218919,23.051412785403503],[72.5784223015943,23.053115475927914],[72.57423196971364,23.050397582616263]]]},"properties":{"h3_index":"8842ceb4b1fffff","d_ta_c":-0.95,"intensity":0.397,"roads":0.487,"green":0.0,"water":0.786,"exposure":0.397,"vulnerability":0.813,"place":"Dudheshwar","place_exact":true,"peak_hour":13,"wbgt_focus":30.4,"utci_focus":42.2,"risk_focus":0.289}},{"type":"Feature","geometry":{"type":"Polygon","coordinates":[[[72.58327642218919,23.051412785403503],[72.58393979360973,23.04699249563989],[72.58879332204512,23.0452897999155],[72.5929838961797,23.048007099835104],[72.59232111051146,23.0524274849461],[72.58746716493613,23.05413047481884],[72.58327642218919,23.051412785403503]]]},"properties":{"h3_index":"8842ceb4b3fffff","d_ta_c":0.09,"intensity":0.744,"roads":0.515,"green":0.0,"water":0.0,"exposure":0.744,"vulnerability":0.813,"place":"Madhupura","place_exact":true,"peak_hour":13,"wbgt_focus":30.9,"utci_focus":43.6,"risk_focus":0.38}},{"type":"Feature","geometry":{"type":"Polygon","coordinates":[[[72.57070617421469,23.04325968081944],[72.57137029321234,23.03883996636208],[72.57622357929174,23.03713786386006],[72.58041316359528,23.039855181865445],[72.57974963014406,23.044274991860554],[72.57489592682263,23.04597738834126],[72.57070617421469,23.04325968081944]]]},"properties":{"h3_index":"8842ceb4b5fffff","d_ta_c":-0.88,"intensity":0.421,"roads":0.563,"green":0.025,"water":0.786,"exposure":0.421,"vulnerability":0.813,"place":"Usmanpura","place_exact":false,"peak_hour":13,"wbgt_focus":30.4,"utci_focus":42.3,"risk_focus":0.296}},{"type":"Feature","geometry":{"type":"Polygon","coordinates":[[[72.57974963014406,23.044274991860554],[72.58041316359528,23.039855181865445],[72.5852662749221,23.03815278022434],[72.58945626988607,23.040869894523787],[72.58879332204512,23.0452897999155],[72.58393979360973,23.04699249563989],[72.57974963014406,23.044274991860554]]]},"properties":{"h3_index":"8842ceb4b7fffff","d_ta_c":0.28,"intensity":0.808,"roads":0.645,"green":0.008,"water":0.0,"exposure":0.808,"vulnerability":0.813,"place":"Madhupura","place_exact":true,"peak_hour":13,"wbgt_focus":31.0,"utci_focus":43.8,"risk_focus":0.395}},{"type":"Feature","geometry":{"type":"Polygon","coordinates":[[[72.56871329345265,23.05652055220751],[72.56937767435187,23.052099973768406],[72.57423196971364,23.050397582616263],[72.5784223015943,23.053115475927914],[72.57775850646172,23.057536149947648],[72.57290379366158,23.059238835103844],[72.56871329345265,23.05652055220751]]]},"properties":{"h3_index":"8842ceb4b9fffff","d_ta_c":-0.86,"intensity":0.428,"roads":0.547,"green":0.0,"water":0.786,"exposure":0.428,"vulnerability":0.813,"place":"Usmanpura","place_exact":true,"peak_hour":13,"wbgt_focus":30.5,"utci_focus":42.3,"risk_focus":0.298}},{"type":"Feature","geometry":{"type":"Polygon","coordinates":[[[72.57775850646172,23.057536149947648],[72.5784223015943,23.053115475927914],[72.58327642218919,23.051412785403503],[72.58746716493613,23.05413047481884],[72.58680395563411,23.058551244277975],[72.58194941773435,23.060254228911123],[72.57775850646172,23.057536149947648]]]},"properties":{"h3_index":"8842ceb4bbfffff","d_ta_c":-1.43,"intensity":0.237,"roads":0.275,"green":0.073,"water":0.787,"exposure":0.237,"vulnerability":0.813,"place":"Dudheshwar","place_exact":true,"peak_hour":13,"wbgt_focus":30.2,"utci_focus":41.6,"risk_focus":0.236}},{"type":"Feature","geometry":{"type":"Polygon","coordinates":[[[72.56518775352627,23.04938187667775],[72.56585229625983,23.04496177803252],[72.57070617421469,23.04325968081944],[72.57489592682263,23.04597738834126],[72.57423196971364,23.050397582616263],[72.56937767435187,23.052099973768406],[72.56518775352627,23.04938187667775]]]},"properties":{"h3_index":"8842ceb4bdfffff","d_ta_c":-0.78,"intensity":0.452,"roads":0.636,"green":0.037,"water":0.786,"exposure":0.452,"vulnerability":0.813,"place":"Usmanpura","place_exact":true,"peak_hour":13,"wbgt_focus":30.5,"utci_focus":42.4,"risk_focus":0.305}},{"type":"Feature","geometry":{"type":"Polygon","coordinates":[[[72.53405689228958,23.072856651965154],[72.53472371716379,23.06843511386722],[72.53958013697917,23.066733339297976],[72.54377015010023,23.069452809180266],[72.54310391109861,23.073874443417708],[72.53824707308301,23.075576511662042],[72.53405689228958,23.072856651965154]]]},"properties":{"h3_index":"8842ceb4c1fffff","d_ta_c":0.86,"intensity":0.999,"roads":1.0,"green":0.002,"water":0.0,"exposure":0.999,"vulnerability":0.813,"place":"Khodiyar Nagar","place_exact":true,"peak_hour":13,"wbgt_focus":31.2,"utci_focus":44.6,"risk_focus":0.436}},{"type":"Feature","geometry":{"type":"Polygon","coordinates":[[[72.54310391109861,23.073874443417708],[72.54377015010023,23.069452809180266],[72.54862639601266,23.067750734805387],[72.55281682097007,23.07047000091671],[72.55215116790531,23.07489173115239],[72.547294503926,23.07659409930724],[72.54310391109861,23.073874443417708]]]},"properties":{"h3_index":"8842ceb4c3fffff","d_ta_c":0.65,"intensity":0.931,"roads":0.874,"green":0.004,"water":0.0,"exposure":0.931,"vulnerability":0.813,"place":"Ghatlodiya","place_exact":true,"peak_hour":13,"wbgt_focus":31.1,"utci_focus":44.3,"risk_focus":0.422}},{"type":"Feature","geometry":{"type":"Polygon","coordinates":[[[72.53053411606773,23.065715440331484],[72.53120110232852,23.06129438205388],[72.53605710397544,23.059592901094764],[72.54024653750965,23.062312184831825],[72.53958013697917,23.066733339297976],[72.53472371716379,23.06843511386722],[72.53053411606773,23.065715440331484]]]},"properties":{"h3_index":"8842ceb4c5fffff","d_ta_c":0.82,"intensity":0.988,"roads":1.0,"green":0.018,"water":0.0,"exposure":0.988,"vulnerability":0.813,"place":"Karmachari Nagar","place_exact":true,"peak_hour":13,"wbgt_focus":31.2,"utci_focus":44.6,"risk_focus":0.434}},{"type":"Feature","geometry":{"type":"Polygon","coordinates":[[[72.53958013697917,23.066733339297976],[72.54024653750965,23.062312184831825],[72.54510236538691,23.06061040417195],[72.54929221074855,23.063329484291923],[72.54862639601266,23.067750734805387],[72.54377015010023,23.069452809180266],[72.53958013697917,23.066733339297976]]]},"properties":{"h3_index":"8842ceb4c7fffff","d_ta_c":0.66,"intensity":0.932,"roads":0.872,"green":0.0,"water":0.0,"exposure":0.932,"vulnerability":0.813,"place":"Khodiyar Nagar","place_exact":true,"peak_hour":13,"wbgt_focus":31.2,"utci_focus":44.3,"risk_focus":0.422}},{"type":"Feature","geometry":{"type":"Polygon","coordinates":[[[72.52853263114031,23.07898034188874],[72.52919988049072,23.074558420275284],[72.53405689228958,23.072856651965154],[72.53824707308301,23.075576511662042],[72.53758040968313,23.07999852950726],[72.53272297951894,23.08170059145253],[72.52853263114031,23.07898034188874]]]},"properties":{"h3_index":"8842ceb4c9fffff","d_ta_c":0.48,"intensity":0.875,"roads":0.763,"green":0.0,"water":0.0,"exposure":0.875,"vulnerability":0.813,"place":"Chanakyapuri","place_exact":true,"peak_hour":13,"wbgt_focus":31.1,"utci_focus":44.1,"risk_focus":0.409}},{"type":"Feature","geometry":{"type":"Polygon","coordinates":[[[72.53758040968313,23.07999852950726],[72.53824707308301,23.075576511662042],[72.54310391109861,23.073874443417708],[72.547294503926,23.07659409930724],[72.546628426541,23.081016213242904],[72.54177117029342,23.08271857522731],[72.53758040968313,23.07999852950726]]]},"properties":{"h3_index":"8842ceb4cbfffff","d_ta_c":0.33,"intensity":0.822,"roads":0.747,"green":0.07,"water":0.0,"exposure":0.822,"vulnerability":0.813,"place":"Ghatlodiya","place_exact":true,"peak_hour":13,"wbgt_focus":31.0,"utci_focus":43.9,"risk_focus":0.398}},{"type":"Feature","geometry":{"type":"Polygon","coordinates":[[[72.52501011191995,23.07183835688859],[72.52567752260236,23.06741691507143],[72.53053411606773,23.065715440331484],[72.53472371716379,23.06843511386722],[72.53405689228958,23.072856651965154],[72.52919988049072,23.074558420275284],[72.52501011191995,23.07183835688859]]]},"properties":{"h3_index":"8842ceb4cdfffff","d_ta_c":0.38,"intensity":0.841,"roads":0.699,"green":0.0,"water":0.0,"exposure":0.841,"vulnerability":0.813,"place":"Bhagwat Nagar","place_exact":true,"peak_hour":13,"wbgt_focus":31.0,"utci_focus":44.0,"risk_focus":0.402}},{"type":"Feature","geometry":{"type":"Polygon","coordinates":[[[72.55567668127205,23.08203339300182],[72.55634217257787,23.07761118311701],[72.56119866226787,23.07590851507543],[72.56539007859678,23.078627762997602],[72.56472517343428,23.083050068690213],[72.55986826577924,23.084753030681586],[72.55567668127205,23.08203339300182]]]},"properties":{"h3_index":"8842ceb4d1fffff","d_ta_c":0.36,"intensity":0.834,"roads":0.696,"green":0.008,"water":0.0,"exposure":0.834,"vulnerability":0.813,"place":"Ghatlodiya","place_exact":false,"peak_hour":13,"wbgt_focus":31.0,"utci_focus":43.9,"risk_focus":0.4}},{"type":"Feature","geometry":{"type":"Polygon","coordinates":[[[72.56472517343428,23.083050068690213],[72.56539007859678,23.078627762997602],[72.57024639374444,23.076924795093134],[72.57443822154079,23.079643838855386],[72.57377390258571,23.084066240214433],[72.56891716960658,23.08576950217353],[72.56472517343428,23.083050068690213]]]},"properties":{"h3_index":"8842ceb4d3fffff","d_ta_c":0.66,"intensity":0.932,"roads":0.877,"green":0.005,"water":0.0,"exposure":0.932,"vulnerability":0.813,"place":"Ranip","place_exact":true,"peak_hour":13,"wbgt_focus":31.2,"utci_focus":44.3,"risk_focus":0.422}},{"type":"Feature","geometry":{"type":"Polygon","coordinates":[[[72.55215116790531,23.07489173115239],[72.55281682097007,23.07047000091671],[72.55767289272661,23.06876762675993],[72.56186372933156,23.071486688982787],[72.56119866226787,23.07590851507543],[72.55634217257787,23.07761118311701],[72.55215116790531,23.07489173115239]]]},"properties":{"h3_index":"8842ceb4d5fffff","d_ta_c":0.41,"intensity":0.85,"roads":0.717,"green":0.0,"water":0.0,"exposure":0.85,"vulnerability":0.813,"place":"Nirnay Nagar","place_exact":true,"peak_hour":13,"wbgt_focus":31.0,"utci_focus":44.0,"risk_focus":0.404}},{"type":"Feature","geometry":{"type":"Polygon","coordinates":[[[72.56119866226787,23.07590851507543],[72.56186372933156,23.071486688982787],[72.56671962667927,23.06978401506793],[72.57091087474296,23.072502873284844],[72.57024639374444,23.076924795093134],[72.56539007859678,23.078627762997602],[72.56119866226787,23.07590851507543]]]},"properties":{"h3_index":"8842ceb4d7fffff","d_ta_c":0.54,"intensity":0.892,"roads":0.795,"green":0.0,"water":0.0,"exposure":0.892,"vulnerability":0.813,"place":"Nava-Vadaj","place_exact":true,"peak_hour":13,"wbgt_focus":31.1,"utci_focus":44.2,"risk_focus":0.413}},{"type":"Feature","geometry":{"type":"Polygon","coordinates":[[[72.55015368351361,23.088158648562352],[72.55081959919417,23.083736055001612],[72.55567668127205,23.08203339300182],[72.55986826577924,23.084753030681586],[72.55920293632018,23.089175720142332],[72.5543454361121,23.090878676052032],[72.55015368351361,23.088158648562352]]]},"properties":{"h3_index":"8842ceb4d9fffff","d_ta_c":0.18,"intensity":0.772,"roads":0.585,"green":0.004,"water":0.014,"exposure":0.772,"vulnerability":0.813,"place":"New Ranip","place_exact":true,"peak_hour":13,"wbgt_focus":30.9,"utci_focus":43.7,"risk_focus":0.386}},{"type":"Feature","geometry":{"type":"Polygon","coordinates":[[[72.55920293632018,23.089175720142332],[72.55986826577924,23.084753030681586],[72.56472517343428,23.083050068690213],[72.56891716960658,23.08576950217353],[72.56825242643316,23.09019228739287],[72.56339510078149,23.091895543399033],[72.55920293632018,23.089175720142332]]]},"properties":{"h3_index":"8842ceb4dbfffff","d_ta_c":0.23,"intensity":0.791,"roads":0.617,"green":0.0,"water":0.015,"exposure":0.791,"vulnerability":0.813,"place":"New Ranip","place_exact":true,"peak_hour":13,"wbgt_focus":31.0,"utci_focus":43.8,"risk_focus":0.391}},{"type":"Feature","geometry":{"type":"Polygon","coordinates":[[[72.546628426541,23.081016213242904],[72.547294503926,23.07659409930724],[72.55215116790531,23.07489173115239],[72.55634217257787,23.07761118311701],[72.55567668127205,23.08203339300182],[72.55081959919417,23.083736055001612],[72.546628426541,23.081016213242904]]]},"properties":{"h3_index":"8842ceb4ddfffff","d_ta_c":0.26,"intensity":0.799,"roads":0.715,"green":0.07,"water":0.014,"exposure":0.799,"vulnerability":0.813,"place":"Ghatlodiya","place_exact":true,"peak_hour":13,"wbgt_focus":31.0,"utci_focus":43.8,"risk_focus":0.393}},{"type":"Feature","geometry":{"type":"Polygon","coordinates":[[[72.53253481188028,23.05245312901897],[72.53320153520542,23.04803293431429],[72.5380565271075,23.046331740889478],[72.54224521363581,23.049050448613016],[72.54157907582089,23.053470739463037],[72.53672366594708,23.055172226472905],[72.53253481188028,23.05245312901897]]]},"properties":{"h3_index":"8842ceb4e1fffff","d_ta_c":0.24,"intensity":0.795,"roads":0.677,"green":0.042,"water":0.017,"exposure":0.795,"vulnerability":0.813,"place":"Memnagar","place_exact":true,"peak_hour":13,"wbgt_focus":31.0,"utci_focus":43.8,"risk_focus":0.392}},{"type":"Feature","geometry":{"type":"Polygon","coordinates":[[[72.54157907582089,23.053470739463037],[72.54224521363581,23.049050448613016],[72.54710003178188,23.04734895572076],[72.55128912993123,23.050067460017384],[72.55062357769074,23.054487846871616],[72.54576834170616,23.056189633453734],[72.54157907582089,23.053470739463037]]]},"properties":{"h3_index":"8842ceb4e3fffff","d_ta_c":0.23,"intensity":0.791,"roads":0.665,"green":0.041,"water":0.014,"exposure":0.791,"vulnerability":0.813,"place":"Naranpura","place_exact":true,"peak_hour":13,"wbgt_focus":31.0,"utci_focus":43.8,"risk_focus":0.391}},{"type":"Feature","geometry":{"type":"Polygon","coordinates":[[[72.52901326048662,23.045314023281303],[72.52968014507763,23.040894308566624],[72.53453471903971,23.03919340866191],[72.53872282633041,23.0419119299805],[72.5380565271075,23.046331740889478],[72.53320153520542,23.04803293431429],[72.52901326048662,23.045314023281303]]]},"properties":{"h3_index":"8842ceb4e5fffff","d_ta_c":0.21,"intensity":0.783,"roads":0.629,"green":0.032,"water":0.0,"exposure":0.783,"vulnerability":0.813,"place":"Vastrapur","place_exact":true,"peak_hour":13,"wbgt_focus":30.9,"utci_focus":43.7,"risk_focus":0.389}},{"type":"Feature","geometry":{"type":"Polygon","coordinates":[[[72.5380565271075,23.046331740889478],[72.53872282633041,23.0419119299805],[72.54357722666965,23.040210730713124],[72.54776574557248,23.042929048758566],[72.54710003178188,23.04734895572076],[72.54224521363581,23.049050448613016],[72.5380565271075,23.046331740889478]]]},"properties":{"h3_index":"8842ceb4e7fffff","d_ta_c":0.18,"intensity":0.775,"roads":0.624,"green":0.042,"water":0.0,"exposure":0.775,"vulnerability":0.813,"place":"Memnagar","place_exact":true,"peak_hour":13,"wbgt_focus":30.9,"utci_focus":43.7,"risk_focus":0.387}},{"type":"Feature","geometry":{"type":"Polygon","coordinates":[[[72.52701208081034,23.05857489481725],[72.52767922837008,23.054154316432918],[72.53253481188028,23.05245312901897],[72.53672366594708,23.055172226472905],[72.53605710397544,23.059592901094764],[72.53120110232852,23.06129438205388],[72.52701208081034,23.05857489481725]]]},"properties":{"h3_index":"8842ceb4e9fffff","d_ta_c":0.38,"intensity":0.839,"roads":0.708,"green":0.01,"water":0.0,"exposure":0.839,"vulnerability":0.813,"place":"Memnagar","place_exact":true,"peak_hour":13,"wbgt_focus":31.0,"utci_focus":44.0,"risk_focus":0.402}},{"type":"Feature","geometry":{"type":"Polygon","coordinates":[[[72.53605710397544,23.059592901094764],[72.53672366594708,23.055172226472905],[72.54157907582089,23.053470739463037],[72.54576834170616,23.056189633453734],[72.54510236538691,23.06061040417195],[72.54024653750965,23.062312184831825],[72.53605710397544,23.059592901094764]]]},"properties":{"h3_index":"8842ceb4ebfffff","d_ta_c":0.61,"intensity":0.917,"roads":0.86,"green":0.013,"water":0.0,"exposure":0.917,"vulnerability":0.813,"place":"Khodiyar Nagar","place_exact":true,"peak_hour":13,"wbgt_focus":31.1,"utci_focus":44.3,"risk_focus":0.419}},{"type":"Feature","geometry":{"type":"Polygon","coordinates":[[[72.52349078631025,23.05143501563324],[72.5241580950813,23.047014917215023],[72.52901326048662,23.045314023281303],[72.53320153520542,23.04803293431429],[72.53253481188028,23.05245312901897],[72.52767922837008,23.054154316432918],[72.52349078631025,23.05143501563324]]]},"properties":{"h3_index":"8842ceb4edfffff","d_ta_c":0.25,"intensity":0.797,"roads":0.636,"green":0.017,"water":0.0,"exposure":0.797,"vulnerability":0.813,"place":"Memnagar","place_exact":true,"peak_hour":13,"wbgt_focus":31.0,"utci_focus":43.8,"risk_focus":0.392}},{"type":"Feature","geometry":{"type":"Polygon","coordinates":[[[72.49685661749177,23.014726474588954],[72.49752531567734,23.01030887376272],[72.50237856362187,23.008609745246517],[72.50656353143886,23.01132792453451],[72.50589541792435,23.015745622032206],[72.50104175190141,23.017445043599118],[72.49685661749177,23.014726474588954]]]},"properties":{"h3_index":"8842ceb513fffff","d_ta_c":-0.05,"intensity":0.696,"roads":0.451,"green":0.022,"water":0.0,"exposure":0.696,"vulnerability":0.813,"place":"Prahladnagar","place_exact":true,"peak_hour":13,"wbgt_focus":30.8,"utci_focus":43.4,"risk_focus":0.369}},{"type":"Feature","geometry":{"type":"Polygon","coordinates":[[[72.4953470727377,22.99433999528737],[72.49601566804927,22.989923739210877],[72.5008674897622,22.98822519078107],[72.50505113399308,22.990942605495675],[72.50438312299123,22.995358958248797],[72.49953088342839,22.997057799639336],[72.4953470727377,22.99433999528737]]]},"properties":{"h3_index":"8842ceb533fffff","d_ta_c":-0.38,"intensity":0.588,"roads":0.284,"green":0.0,"water":0.081,"exposure":0.588,"vulnerability":0.813,"place":"Makarba","place_exact":true,"peak_hour":13,"wbgt_focus":30.7,"utci_focus":43.0,"risk_focus":0.342}},{"type":"Feature","geometry":{"type":"Polygon","coordinates":[[[72.52949341004881,23.011664496323164],[72.5301599302759,23.007246989911526],[72.53501206884641,23.0055469589786],[72.5391981046848,23.008264141081245],[72.53853216924418,23.01268174364964],[72.53367961315837,23.014382067987313],[72.52949341004881,23.011664496323164]]]},"properties":{"h3_index":"8842ceb581fffff","d_ta_c":0.54,"intensity":0.892,"roads":0.826,"green":0.025,"water":0.0,"exposure":0.892,"vulnerability":0.813,"place":"Jivraj park","place_exact":true,"peak_hour":13,"wbgt_focus":31.1,"utci_focus":44.2,"risk_focus":0.413}},{"type":"Feature","geometry":{"type":"Polygon","coordinates":[[[72.53853216924418,23.01268174364964],[72.5391981046848,23.008264141081245],[72.54405006979269,23.006563811356447],[72.54823651682199,23.009280790719362],[72.54757116623199,23.01369848930363],[72.54271878374178,23.015399112537803],[72.53853216924418,23.01268174364964]]]},"properties":{"h3_index":"8842ceb583fffff","d_ta_c":0.66,"intensity":0.933,"roads":0.904,"green":0.026,"water":0.0,"exposure":0.933,"vulnerability":0.813,"place":"Jivraj park","place_exact":true,"peak_hour":13,"wbgt_focus":31.2,"utci_focus":44.3,"risk_focus":0.422}},{"type":"Feature","geometry":{"type":"Polygon","coordinates":[[[72.52597430581656,23.004529605186413],[72.52664098706842,23.000112579102378],[72.53149270815535,22.9984128415092],[72.53567816545367,23.001129836688975],[72.53501206884641,23.0055469589786],[72.5301599302759,23.007246989911526],[72.52597430581656,23.004529605186413]]]},"properties":{"h3_index":"8842ceb585fffff","d_ta_c":0.86,"intensity":1.0,"roads":1.0,"green":0.0,"water":0.0,"exposure":1.0,"vulnerability":0.813,"place":"Jivraj park","place_exact":true,"peak_hour":13,"wbgt_focus":31.2,"utci_focus":44.6,"risk_focus":0.436}},{"type":"Feature","geometry":{"type":"Polygon","coordinates":[[[72.53501206884641,23.0055469589786],[72.53567816545367,23.001129836688975],[72.54052971321087,22.99942980040859],[72.54471558169121,23.00214659300209],[72.54405006979269,23.006563811356447],[72.5391981046848,23.008264141081245],[72.53501206884641,23.0055469589786]]]},"properties":{"h3_index":"8842ceb587fffff","d_ta_c":0.29,"intensity":0.81,"roads":0.765,"green":0.081,"water":0.035,"exposure":0.81,"vulnerability":0.813,"place":"Jivraj park","place_exact":true,"peak_hour":13,"wbgt_focus":31.0,"utci_focus":43.8,"risk_focus":0.395}},{"type":"Feature","geometry":{"type":"Polygon","coordinates":[[[72.52397373664068,23.017782412158752],[72.52464068061977,23.01336452174073],[72.52949341004881,23.011664496323164],[72.53367961315837,23.014382067987313],[72.5330132540435,23.01880005465415],[72.52816010693452,23.020500373436718],[72.52397373664068,23.017782412158752]]]},"properties":{"h3_index":"8842ceb589fffff","d_ta_c":0.49,"intensity":0.875,"roads":0.788,"green":0.02,"water":0.0,"exposure":0.875,"vulnerability":0.813,"place":"Jodhpur","place_exact":true,"peak_hour":13,"wbgt_focus":31.1,"utci_focus":44.1,"risk_focus":0.41}},{"type":"Feature","geometry":{"type":"Polygon","coordinates":[[[72.5330132540435,23.01880005465415],[72.53367961315837,23.014382067987313],[72.53853216924418,23.01268174364964],[72.54271878374178,23.015399112537803],[72.54205300955529,23.01981719531256],[72.53720003592251,23.02151781311993],[72.5330132540435,23.01880005465415]]]},"properties":{"h3_index":"8842ceb58bfffff","d_ta_c":0.34,"intensity":0.826,"roads":0.744,"green":0.061,"water":0.0,"exposure":0.826,"vulnerability":0.813,"place":"Jivraj park","place_exact":false,"peak_hour":13,"wbgt_focus":31.0,"utci_focus":43.9,"risk_focus":0.399}},{"type":"Feature","geometry":{"type":"Polygon","coordinates":[[[72.52045488908637,23.010646747417937],[72.52112199403571,23.006229337303935],[72.52597430581656,23.004529605186413],[72.5301599302759,23.007246989911526],[72.52949341004881,23.011664496323164],[72.52464068061977,23.01336452174073],[72.52045488908637,23.010646747417937]]]},"properties":{"h3_index":"8842ceb58dfffff","d_ta_c":0.86,"intensity":0.999,"roads":1.0,"green":0.002,"water":0.0,"exposure":0.999,"vulnerability":0.813,"place":"vejalpur","place_exact":true,"peak_hour":13,"wbgt_focus":31.2,"utci_focus":44.6,"risk_focus":0.436}},{"type":"Feature","geometry":{"type":"Polygon","coordinates":[[[72.55109300273544,23.020833834040243],[72.5517581919294,23.016415655298534],[72.55661040057167,23.014714733191525],[72.56079783728059,23.01743169617593],[72.56013323314323,23.02184997074363],[72.5552806072201,23.02355118652965],[72.55109300273544,23.020833834040243]]]},"properties":{"h3_index":"8842ceb591fffff","d_ta_c":0.11,"intensity":0.75,"roads":0.626,"green":0.077,"water":0.006,"exposure":0.75,"vulnerability":0.813,"place":"Ambawadi","place_exact":true,"peak_hour":13,"wbgt_focus":30.9,"utci_focus":43.6,"risk_focus":0.381}},{"type":"Feature","geometry":{"type":"Polygon","coordinates":[[[72.56013323314323,23.02184997074363],[72.56079783728059,23.01743169617593],[72.56564987182259,23.01573047521981],[72.56983771935465,23.018447235076486],[72.56917370033784,23.022865605329194],[72.56432124864817,23.024567120068934],[72.56013323314323,23.02184997074363]]]},"properties":{"h3_index":"8842ceb593fffff","d_ta_c":0.14,"intensity":0.759,"roads":0.596,"green":0.043,"water":0.0,"exposure":0.759,"vulnerability":0.813,"place":"Paldi","place_exact":true,"peak_hour":13,"wbgt_focus":30.9,"utci_focus":43.6,"risk_focus":0.383}},{"type":"Feature","geometry":{"type":"Polygon","coordinates":[[[72.54757116623199,23.01369848930363],[72.54823651682199,23.009280790719362],[72.55308830821497,23.007580162226358],[72.55727516624697,23.01029693873231],[72.55661040057167,23.014714733191525],[72.5517581919294,23.016415655298534],[72.54757116623199,23.01369848930363]]]},"properties":{"h3_index":"8842ceb595fffff","d_ta_c":0.2,"intensity":0.778,"roads":0.597,"green":0.014,"water":0.0,"exposure":0.778,"vulnerability":0.813,"place":"Paldi","place_exact":true,"peak_hour":13,"wbgt_focus":30.9,"utci_focus":43.7,"risk_focus":0.388}},{"type":"Feature","geometry":{"type":"Polygon","coordinates":[[[72.55661040057167,23.014714733191525],[72.55727516624697,23.01029693873231],[72.5621267836728,23.00859601149479],[72.56631405251923,23.011312585026584],[72.56564987182259,23.01573047521981],[72.56079783728059,23.01743169617593],[72.55661040057167,23.014714733191525]]]},"properties":{"h3_index":"8842ceb597fffff","d_ta_c":0.45,"intensity":0.865,"roads":0.75,"green":0.005,"water":0.0,"exposure":0.865,"vulnerability":0.813,"place":"Paldi","place_exact":true,"peak_hour":13,"wbgt_focus":31.1,"utci_focus":44.1,"risk_focus":0.407}},{"type":"Feature","geometry":{"type":"Polygon","coordinates":[[[72.54557458998647,23.02695331375739],[72.54624020283129,23.0225347508488],[72.55109300273544,23.020833834040243],[72.5552806072201,23.02355118652965],[72.55461557950979,23.02796984535627],[72.54976236216005,23.029671055804183],[72.54557458998647,23.02695331375739]]]},"properties":{"h3_index":"8842ceb599fffff","d_ta_c":0.64,"intensity":0.925,"roads":0.867,"green":0.007,"water":0.0,"exposure":0.925,"vulnerability":0.813,"place":"Gulbai tekra","place_exact":true,"peak_hour":13,"wbgt_focus":31.1,"utci_focus":44.3,"risk_focus":0.421}},{"type":"Feature","geometry":{"type":"Polygon","coordinates":[[[72.55461557950979,23.02796984535627],[72.5552806072201,23.02355118652965],[72.56013323314323,23.02184997074363],[72.56432124864817,23.024567120068934],[72.56365680613638,23.028985874672557],[72.55880376290087,23.030687384202594],[72.55461557950979,23.02796984535627]]]},"properties":{"h3_index":"8842ceb59bfffff","d_ta_c":0.14,"intensity":0.759,"roads":0.7,"green":0.13,"water":0.0,"exposure":0.759,"vulnerability":0.813,"place":"Gulbai tekra","place_exact":true,"peak_hour":13,"wbgt_focus":30.9,"utci_focus":43.6,"risk_focus":0.383}},{"type":"Feature","geometry":{"type":"Polygon","coordinates":[[[72.54205300955529,23.01981719531256],[72.54271878374178,23.015399112537803],[72.54757116623199,23.01369848930363],[72.5517581919294,23.016415655298534],[72.55109300273544,23.020833834040243],[72.54624020283129,23.0225347508488],[72.54205300955529,23.01981719531256]]]},"properties":{"h3_index":"8842ceb59dfffff","d_ta_c":0.26,"intensity":0.8,"roads":0.63,"green":0.006,"water":0.0,"exposure":0.8,"vulnerability":0.813,"place":"Ambawadi","place_exact":true,"peak_hour":13,"wbgt_focus":31.0,"utci_focus":43.8,"risk_focus":0.393}},{"type":"Feature","geometry":{"type":"Polygon","coordinates":[[[72.52797408696439,22.991279391451076],[72.52864050564261,22.986863229935942],[72.53349121879344,22.985163780349403],[72.53767593053308,22.98788019899225],[72.53701009627997,22.992296456669738],[72.5321589658418,22.993996199570702],[72.52797408696439,22.991279391451076]]]},"properties":{"h3_index":"8842ceb5a1fffff","d_ta_c":0.41,"intensity":0.849,"roads":0.714,"green":0.0,"water":0.0,"exposure":0.849,"vulnerability":0.813,"place":"Quresh Nagar Society","place_exact":false,"peak_hour":13,"wbgt_focus":31.0,"utci_focus":44.0,"risk_focus":0.404}},{"type":"Feature","geometry":{"type":"Polygon","coordinates":[[[72.53701009627997,22.992296456669738],[72.53767593053308,22.98788019899225],[72.54252647036772,22.9861804509513],[72.54671159308347,22.98889666719749],[72.54604634331957,22.99331302089653],[72.54119538633043,22.99501306235653],[72.53701009627997,22.992296456669738]]]},"properties":{"h3_index":"8842ceb5a3fffff","d_ta_c":0.3,"intensity":0.813,"roads":0.647,"green":0.0,"water":0.0,"exposure":0.813,"vulnerability":0.813,"place":"Vasna","place_exact":false,"peak_hour":13,"wbgt_focus":31.0,"utci_focus":43.9,"risk_focus":0.396}},{"type":"Feature","geometry":{"type":"Polygon","coordinates":[[[72.52445620506701,22.98414660901363],[72.52512278464965,22.979730927994016],[72.5299730805448,22.978031771656962],[72.53415721409272,22.980748003118705],[72.53349121879344,22.985163780349403],[72.52864050564261,22.986863229935942],[72.52445620506701,22.98414660901363]]]},"properties":{"h3_index":"8842ceb5a5fffff","d_ta_c":-0.43,"intensity":0.571,"roads":0.189,"green":0.0,"water":0.0,"exposure":0.571,"vulnerability":0.813,"place":"Quresh Nagar Society","place_exact":false,"peak_hour":13,"wbgt_focus":30.7,"utci_focus":42.9,"risk_focus":0.338}},{"type":"Feature","geometry":{"type":"Polygon","coordinates":[[[72.53349121879344,22.985163780349403],[72.53415721409272,22.980748003118705],[72.53900733680446,22.979048548431784],[72.54319188131954,22.98176457765021],[72.54252647036772,22.9861804509513],[72.53767593053308,22.98788019899225],[72.53349121879344,22.985163780349403]]]},"properties":{"h3_index":"8842ceb5a7fffff","d_ta_c":-1.69,"intensity":0.15,"roads":0.192,"green":0.0,"water":1.0,"exposure":0.15,"vulnerability":0.813,"place":"Quresh Nagar Society","place_exact":false,"peak_hour":13,"wbgt_focus":30.1,"utci_focus":41.2,"risk_focus":0.198}},{"type":"Feature","geometry":{"type":"Polygon","coordinates":[[[72.52245594114014,22.997395381453583],[72.52312278332931,22.992978835769467],[72.52797408696439,22.991279391451076],[72.5321589658418,22.993996199570702],[72.53149270815535,22.9984128415092],[72.52664098706842,23.000112579102378],[72.52245594114014,22.997395381453583]]]},"properties":{"h3_index":"8842ceb5a9fffff","d_ta_c":0.63,"intensity":0.923,"roads":0.855,"green":0.0,"water":0.0,"exposure":0.923,"vulnerability":0.813,"place":"Quresh Nagar Society","place_exact":true,"peak_hour":13,"wbgt_focus":31.1,"utci_focus":44.3,"risk_focus":0.42}},{"type":"Feature","geometry":{"type":"Polygon","coordinates":[[[72.53149270815535,22.9984128415092],[72.5321589658418,22.993996199570702],[72.53701009627997,22.992296456669738],[72.54119538633043,22.99501306235653],[72.54052971321087,22.99942980040859],[72.53567816545367,23.001129836688975],[72.53149270815535,22.9984128415092]]]},"properties":{"h3_index":"8842ceb5abfffff","d_ta_c":0.46,"intensity":0.868,"roads":0.75,"green":0.0,"water":0.0,"exposure":0.868,"vulnerability":0.813,"place":"Jivraj park","place_exact":true,"peak_hour":13,"wbgt_focus":31.1,"utci_focus":44.1,"risk_focus":0.408}},{"type":"Feature","geometry":{"type":"Polygon","coordinates":[[[72.5189383158129,22.99026182533422],[72.51960531885206,22.98584576012218],[72.52445620506701,22.98414660901363],[72.52864050564261,22.986863229935942],[72.52797408696439,22.991279391451076],[72.52312278332931,22.992978835769467],[72.5189383158129,22.99026182533422]]]},"properties":{"h3_index":"8842ceb5adfffff","d_ta_c":0.74,"intensity":0.961,"roads":0.927,"green":0.0,"water":0.0,"exposure":0.961,"vulnerability":0.813,"place":"Quresh Nagar Society","place_exact":true,"peak_hour":13,"wbgt_focus":31.2,"utci_focus":44.5,"risk_focus":0.428}},{"type":"Feature","geometry":{"type":"Polygon","coordinates":[[[72.54956695586647,23.000446258058105],[72.55023204435503,22.996029424033303],[72.55508282764302,22.994329084037943],[72.55926893947536,22.997045284507504],[72.55860443568181,23.001462214364192],[72.55375323534068,23.00316284794815],[72.54956695586647,23.000446258058105]]]},"properties":{"h3_index":"8842ceb5b1fffff","d_ta_c":0.33,"intensity":0.822,"roads":0.687,"green":0.02,"water":0.0,"exposure":0.822,"vulnerability":0.813,"place":"Vasna","place_exact":true,"peak_hour":13,"wbgt_focus":31.0,"utci_focus":43.9,"risk_focus":0.398}},{"type":"Feature","geometry":{"type":"Polygon","coordinates":[[[72.55860443568181,23.001462214364192],[72.55926893947536,22.997045284507504],[72.56411954881008,22.995344646000465],[72.56830607125116,22.99806064368572],[72.56764215221652,23.00247766923345],[72.5627911259617,23.0041786014336],[72.55860443568181,23.001462214364192]]]},"properties":{"h3_index":"8842ceb5b3fffff","d_ta_c":-0.87,"intensity":0.422,"roads":0.562,"green":0.022,"water":0.786,"exposure":0.422,"vulnerability":0.813,"place":"Ranna Park","place_exact":true,"peak_hour":13,"wbgt_focus":30.4,"utci_focus":42.3,"risk_focus":0.297}},{"type":"Feature","geometry":{"type":"Polygon","coordinates":[[[72.54604634331957,22.99331302089653],[72.54671159308347,22.98889666719749],[72.55156195934987,22.987196620725687],[72.5557474928537,22.989912634458097],[72.55508282764302,22.994329084037943],[72.55023204435503,22.996029424033303],[72.54604634331957,22.99331302089653]]]},"properties":{"h3_index":"8842ceb5b5fffff","d_ta_c":-1.53,"intensity":0.203,"roads":0.293,"green":0.0,"water":1.0,"exposure":0.203,"vulnerability":0.813,"place":"Vasna","place_exact":false,"peak_hour":13,"wbgt_focus":30.1,"utci_focus":41.4,"risk_focus":0.222}},{"type":"Feature","geometry":{"type":"Polygon","coordinates":[[[72.55508282764302,22.994329084037943],[72.5557474928537,22.989912634458097],[72.5605976852998,22.988212289579135],[72.56478362940362,22.99092810068064],[72.56411954881008,22.995344646000465],[72.55926893947536,22.997045284507504],[72.55508282764302,22.994329084037943]]]},"properties":{"h3_index":"8842ceb5b7fffff","d_ta_c":-1.59,"intensity":0.182,"roads":0.107,"green":0.021,"water":0.786,"exposure":0.182,"vulnerability":0.813,"place":"Ranna Park","place_exact":true,"peak_hour":13,"wbgt_focus":30.1,"utci_focus":41.4,"risk_focus":0.213}},{"type":"Feature","geometry":{"type":"Polygon","coordinates":[[[72.54405006979269,23.006563811356447],[72.54471558169121,23.00214659300209],[72.54956695586647,23.000446258058105],[72.55375323534068,23.00316284794815],[72.55308830821497,23.007580162226358],[72.54823651682199,23.009280790719362],[72.54405006979269,23.006563811356447]]]},"properties":{"h3_index":"8842ceb5b9fffff","d_ta_c":0.69,"intensity":0.942,"roads":0.908,"green":0.015,"water":0.0,"exposure":0.942,"vulnerability":0.813,"place":"Vasna","place_exact":true,"peak_hour":13,"wbgt_focus":31.2,"utci_focus":44.4,"risk_focus":0.424}},{"type":"Feature","geometry":{"type":"Polygon","coordinates":[[[72.55308830821497,23.007580162226358],[72.55375323534068,23.00316284794815],[72.55860443568181,23.001462214364192],[72.5627911259617,23.0041786014336],[72.5621267836728,23.00859601149479],[72.55727516624697,23.01029693873231],[72.55308830821497,23.007580162226358]]]},"properties":{"h3_index":"8842ceb5bbfffff","d_ta_c":0.4,"intensity":0.846,"roads":0.724,"green":0.013,"water":0.0,"exposure":0.846,"vulnerability":0.813,"place":"Ranna Park","place_exact":true,"peak_hour":13,"wbgt_focus":31.0,"utci_focus":44.0,"risk_focus":0.403}},{"type":"Feature","geometry":{"type":"Polygon","coordinates":[[[72.54052971321087,22.99942980040859],[72.54119538633043,22.99501306235653],[72.54604634331957,22.99331302089653],[72.55023204435503,22.996029424033303],[72.54956695586647,23.000446258058105],[72.54471558169121,23.00214659300209],[72.54052971321087,22.99942980040859]]]},"properties":{"h3_index":"8842ceb5bdfffff","d_ta_c":0.26,"intensity":0.799,"roads":0.62,"green":0.0,"water":0.0,"exposure":0.799,"vulnerability":0.813,"place":"Vasna","place_exact":true,"peak_hour":13,"wbgt_focus":31.0,"utci_focus":43.8,"risk_focus":0.393}},{"type":"Feature","geometry":{"type":"Polygon","coordinates":[[[72.50941301174267,23.02288216640925],[72.51008096448341,23.0184639885824],[72.51493445778748,23.016764267920138],[72.51912041630796,23.019482431892925],[72.51845304844471,23.02390070620162],[72.51359913716313,23.025600720084345],[72.50941301174267,23.02288216640925]]]},"properties":{"h3_index":"8842ceb5c1fffff","d_ta_c":0.25,"intensity":0.797,"roads":0.656,"green":0.033,"water":0.0,"exposure":0.797,"vulnerability":0.813,"place":"Ramdev nagar","place_exact":true,"peak_hour":13,"wbgt_focus":31.0,"utci_focus":43.8,"risk_focus":0.392}},{"type":"Feature","geometry":{"type":"Polygon","coordinates":[[[72.51845304844471,23.02390070620162],[72.51912041630796,23.019482431892925],[72.52397373664068,23.017782412158752],[72.52816010693452,23.020500373436718],[72.52749332401316,23.024918744086335],[72.52263958583578,23.02661905714574],[72.51845304844471,23.02390070620162]]]},"properties":{"h3_index":"8842ceb5c3fffff","d_ta_c":0.56,"intensity":0.899,"roads":0.849,"green":0.034,"water":0.0,"exposure":0.899,"vulnerability":0.813,"place":"Jodhpur","place_exact":true,"peak_hour":13,"wbgt_focus":31.1,"utci_focus":44.2,"risk_focus":0.415}},{"type":"Feature","geometry":{"type":"Polygon","coordinates":[[[72.50589541792435,23.015745622032206],[72.50656353143886,23.01132792453451],[72.51141660679725,23.00962849702775],[72.51560198656645,23.012346473891842],[72.51493445778748,23.016764267920138],[72.51008096448341,23.0184639885824],[72.50589541792435,23.015745622032206]]]},"properties":{"h3_index":"8842ceb5c5fffff","d_ta_c":0.24,"intensity":0.793,"roads":0.663,"green":0.045,"water":0.0,"exposure":0.793,"vulnerability":0.813,"place":"Prahladnagar","place_exact":true,"peak_hour":13,"wbgt_focus":31.0,"utci_focus":43.8,"risk_focus":0.391}},{"type":"Feature","geometry":{"type":"Polygon","coordinates":[[[72.51493445778748,23.016764267920138],[72.51560198656645,23.012346473891842],[72.52045488908637,23.010646747417937],[72.52464068061977,23.01336452174073],[72.52397373664068,23.017782412158752],[72.51912041630796,23.019482431892925],[72.51493445778748,23.016764267920138]]]},"properties":{"h3_index":"8842ceb5c7fffff","d_ta_c":0.43,"intensity":0.857,"roads":0.753,"green":0.02,"water":0.0,"exposure":0.857,"vulnerability":0.813,"place":"Jodhpur","place_exact":true,"peak_hour":13,"wbgt_focus":31.0,"utci_focus":44.0,"risk_focus":0.405}},{"type":"Feature","geometry":{"type":"Polygon","coordinates":[[[72.50389055077468,23.02900044260134],[72.50455892760937,23.024581881091805],[72.50941301174267,23.02288216640925],[72.51359913716313,23.025600720084345],[72.51293134528355,23.030019378167896],[72.508076843008,23.03171938603101],[72.50389055077468,23.02900044260134]]]},"properties":{"h3_index":"8842ceb5c9fffff","d_ta_c":0.64,"intensity":0.927,"roads":0.894,"green":0.027,"water":0.0,"exposure":0.927,"vulnerability":0.813,"place":"Ramdev nagar","place_exact":true,"peak_hour":13,"wbgt_focus":31.1,"utci_focus":44.3,"risk_focus":0.421}},{"type":"Feature","geometry":{"type":"Polygon","coordinates":[[[72.51293134528355,23.030019378167896],[72.51359913716313,23.025600720084345],[72.51845304844471,23.02390070620162],[72.52263958583578,23.02661905714574],[72.52197237897576,23.031037811662358],[72.51711804968477,23.03273811883046],[72.51293134528355,23.030019378167896]]]},"properties":{"h3_index":"8842ceb5cbfffff","d_ta_c":0.17,"intensity":0.77,"roads":0.616,"green":0.043,"water":0.001,"exposure":0.77,"vulnerability":0.813,"place":"Ramdev nagar","place_exact":true,"peak_hour":13,"wbgt_focus":30.9,"utci_focus":43.7,"risk_focus":0.386}},{"type":"Feature","geometry":{"type":"Polygon","coordinates":[[[72.5003732143476,23.021863124803208],[72.50104175190141,23.017445043599118],[72.50589541792435,23.015745622032206],[72.51008096448341,23.0184639885824],[72.50941301174267,23.02288216640925],[72.50455892760937,23.024581881091805],[72.5003732143476,23.021863124803208]]]},"properties":{"h3_index":"8842ceb5cdfffff","d_ta_c":0.04,"intensity":0.725,"roads":0.575,"green":0.079,"water":0.0,"exposure":0.725,"vulnerability":0.813,"place":"Ramdev nagar","place_exact":true,"peak_hour":13,"wbgt_focus":30.9,"utci_focus":43.5,"risk_focus":0.375}},{"type":"Feature","geometry":{"type":"Polygon","coordinates":[[[72.53101365141056,23.032055742990757],[72.53168027318667,23.02763689218207],[72.53653383800733,23.025936279969525],[72.54072119877503,23.028654225099455],[72.54005516214711,23.033073172059254],[72.53520117958303,23.034774077766727],[72.53101365141056,23.032055742990757]]]},"properties":{"h3_index":"8842ceb5d1fffff","d_ta_c":0.44,"intensity":0.86,"roads":0.758,"green":0.019,"water":0.0,"exposure":0.86,"vulnerability":0.813,"place":"Panjrapole","place_exact":true,"peak_hour":13,"wbgt_focus":31.1,"utci_focus":44.0,"risk_focus":0.406}},{"type":"Feature","geometry":{"type":"Polygon","coordinates":[[[72.54005516214711,23.033073172059254],[72.54072119877503,23.028654225099455],[72.54557458998647,23.02695331375739],[72.54976236216005,23.029671055804183],[72.54909691074451,23.03409009877405],[72.54424310192272,23.035791303715765],[72.54005516214711,23.033073172059254]]]},"properties":{"h3_index":"8842ceb5d3fffff","d_ta_c":0.07,"intensity":0.738,"roads":0.515,"green":0.009,"water":0.0,"exposure":0.738,"vulnerability":0.813,"place":"Panjrapole","place_exact":true,"peak_hour":13,"wbgt_focus":30.9,"utci_focus":43.6,"risk_focus":0.378}},{"type":"Feature","geometry":{"type":"Polygon","coordinates":[[[72.52749332401316,23.024918744086335],[72.52816010693452,23.020500373436718],[72.5330132540435,23.01880005465415],[72.53720003592251,23.02151781311993],[72.53653383800733,23.025936279969525],[72.53168027318667,23.02763689218207],[72.52749332401316,23.024918744086335]]]},"properties":{"h3_index":"8842ceb5d5fffff","d_ta_c":0.76,"intensity":0.967,"roads":0.998,"green":0.051,"water":0.0,"exposure":0.967,"vulnerability":0.813,"place":"Panjrapole","place_exact":false,"peak_hour":13,"wbgt_focus":31.2,"utci_focus":44.5,"risk_focus":0.429}},{"type":"Feature","geometry":{"type":"Polygon","coordinates":[[[72.53653383800733,23.025936279969525],[72.53720003592251,23.02151781311993],[72.54205300955529,23.01981719531256],[72.54624020283129,23.0225347508488],[72.54557458998647,23.02695331375739],[72.54072119877503,23.028654225099455],[72.53653383800733,23.025936279969525]]]},"properties":{"h3_index":"8842ceb5d7fffff","d_ta_c":0.77,"intensity":0.969,"roads":1.0,"green":0.049,"water":0.0,"exposure":0.969,"vulnerability":0.813,"place":"Panjrapole","place_exact":true,"peak_hour":13,"wbgt_focus":31.2,"utci_focus":44.5,"risk_focus":0.43}},{"type":"Feature","geometry":{"type":"Polygon","coordinates":[[[72.52549244958743,23.03817558409231],[72.52615949535674,23.033756349440342],[72.53101365141056,23.032055742990757],[72.53520117958303,23.034774077766727],[72.53453471903971,23.03919340866191],[72.52968014507763,23.040894308566624],[72.52549244958743,23.03817558409231]]]},"properties":{"h3_index":"8842ceb5d9fffff","d_ta_c":0.03,"intensity":0.723,"roads":0.605,"green":0.092,"water":0.024,"exposure":0.723,"vulnerability":0.813,"place":"Vastrapur","place_exact":true,"peak_hour":13,"wbgt_focus":30.9,"utci_focus":43.5,"risk_focus":0.375}},{"type":"Feature","geometry":{"type":"Polygon","coordinates":[[[72.53453471903971,23.03919340866191],[72.53520117958303,23.034774077766727],[72.54005516214711,23.033073172059254],[72.54424310192272,23.035791303715765],[72.54357722666965,23.040210730713124],[72.53872282633041,23.0419119299805],[72.53453471903971,23.03919340866191]]]},"properties":{"h3_index":"8842ceb5dbfffff","d_ta_c":0.06,"intensity":0.732,"roads":0.544,"green":0.042,"water":0.0,"exposure":0.732,"vulnerability":0.813,"place":"Vastrapur","place_exact":true,"peak_hour":13,"wbgt_focus":30.9,"utci_focus":43.5,"risk_focus":0.377}},{"type":"Feature","geometry":{"type":"Polygon","coordinates":[[[72.52197237897576,23.031037811662358],[72.52263958583578,23.02661905714574],[72.52749332401316,23.024918744086335],[72.53168027318667,23.02763689218207],[72.53101365141056,23.032055742990757],[72.52615949535674,23.033756349440342],[72.52197237897576,23.031037811662358]]]},"properties":{"h3_index":"8842ceb5ddfffff","d_ta_c":0.61,"intensity":0.917,"roads":0.858,"green":0.013,"water":0.0,"exposure":0.917,"vulnerability":0.813,"place":"Vastrapur","place_exact":false,"peak_hour":13,"wbgt_focus":31.1,"utci_focus":44.3,"risk_focus":0.419}},{"type":"Feature","geometry":{"type":"Polygon","coordinates":[[[72.5078994952674,23.002493393734134],[72.50856734561563,22.99807656048371],[72.51341941260539,22.996377420335527],[72.51760404697568,22.99909482033602],[72.51693678114347,23.003511750073656],[72.51208429640457,23.00521118335224],[72.5078994952674,23.002493393734134]]]},"properties":{"h3_index":"8842ceb5e1fffff","d_ta_c":0.4,"intensity":0.846,"roads":0.723,"green":0.012,"water":0.0,"exposure":0.846,"vulnerability":0.813,"place":"Quresh Nagar Society","place_exact":true,"peak_hour":13,"wbgt_focus":31.0,"utci_focus":44.0,"risk_focus":0.403}},{"type":"Feature","geometry":{"type":"Polygon","coordinates":[[[72.51693678114347,23.003511750073656],[72.51760404697568,22.99909482033602],[72.52245594114014,22.997395381453583],[72.52664098706842,23.000112579102378],[72.52597430581656,23.004529605186413],[72.52112199403571,23.006229337303935],[72.51693678114347,23.003511750073656]]]},"properties":{"h3_index":"8842ceb5e3fffff","d_ta_c":0.86,"intensity":0.999,"roads":1.0,"green":0.002,"water":0.0,"exposure":0.999,"vulnerability":0.813,"place":"Quresh Nagar Society","place_exact":true,"peak_hour":13,"wbgt_focus":31.2,"utci_focus":44.6,"risk_focus":0.436}},{"type":"Feature","geometry":{"type":"Polygon","coordinates":[[[72.50438312299123,22.995358958248797],[72.50505113399308,22.990942605495675],[72.50990278326552,22.98924375841293],[72.51408683923307,22.99196097104651],[72.51341941260539,22.996377420335527],[72.50856734561563,22.99807656048371],[72.50438312299123,22.995358958248797]]]},"properties":{"h3_index":"8842ceb5e5fffff","d_ta_c":-0.1,"intensity":0.681,"roads":0.462,"green":0.0,"water":0.081,"exposure":0.681,"vulnerability":0.813,"place":"Quresh Nagar Society","place_exact":true,"peak_hour":13,"wbgt_focus":30.8,"utci_focus":43.3,"risk_focus":0.365}},{"type":"Feature","geometry":{"type":"Polygon","coordinates":[[[72.51341941260539,22.996377420335527],[72.51408683923307,22.99196097104651],[72.5189383158129,22.99026182533422],[72.52312278332931,22.992978835769467],[72.52245594114014,22.997395381453583],[72.51760404697568,22.99909482033602],[72.51341941260539,22.996377420335527]]]},"properties":{"h3_index":"8842ceb5e7fffff","d_ta_c":0.69,"intensity":0.942,"roads":0.898,"green":0.007,"water":0.0,"exposure":0.942,"vulnerability":0.813,"place":"Quresh Nagar Society","place_exact":true,"peak_hour":13,"wbgt_focus":31.2,"utci_focus":44.4,"risk_focus":0.424}},{"type":"Feature","geometry":{"type":"Polygon","coordinates":[[[72.50237856362187,23.008609745246517],[72.50304683782274,23.004192528150316],[72.5078994952674,23.002493393734134],[72.51208429640457,23.00521118335224],[72.51141660679725,23.00962849702775],[72.50656353143886,23.01132792453451],[72.50237856362187,23.008609745246517]]]},"properties":{"h3_index":"8842ceb5e9fffff","d_ta_c":0.54,"intensity":0.893,"roads":0.85,"green":0.025,"water":0.028,"exposure":0.893,"vulnerability":0.813,"place":"Prahladnagar","place_exact":true,"peak_hour":13,"wbgt_focus":31.1,"utci_focus":44.2,"risk_focus":0.414}},{"type":"Feature","geometry":{"type":"Polygon","coordinates":[[[72.51141660679725,23.00962849702775],[72.51208429640457,23.00521118335224],[72.51693678114347,23.003511750073656],[72.52112199403571,23.006229337303935],[72.52045488908637,23.010646747417937],[72.51560198656645,23.012346473891842],[72.51141660679725,23.00962849702775]]]},"properties":{"h3_index":"8842ceb5ebfffff","d_ta_c":0.68,"intensity":0.939,"roads":0.905,"green":0.013,"water":0.006,"exposure":0.939,"vulnerability":0.813,"place":"vejalpur","place_exact":true,"peak_hour":13,"wbgt_focus":31.2,"utci_focus":44.4,"risk_focus":0.423}},{"type":"Feature","geometry":{"type":"Polygon","coordinates":[[[72.49886244862853,23.001474536261785],[72.49953088342839,22.997057799639336],[72.50438312299123,22.995358958248797],[72.50856734561563,22.99807656048371],[72.5078994952674,23.002493393734134],[72.50304683782274,23.004192528150316],[72.49886244862853,23.001474536261785]]]},"properties":{"h3_index":"8842ceb5edfffff","d_ta_c":-0.01,"intensity":0.709,"roads":0.513,"green":0.026,"water":0.042,"exposure":0.709,"vulnerability":0.813,"place":"Makarba","place_exact":true,"peak_hour":13,"wbgt_focus":30.8,"utci_focus":43.4,"risk_focus":0.372}},{"type":"Feature","geometry":{"type":"Polygon","coordinates":[[[72.5119537471554,23.09735367234851],[72.51262227072979,23.092930600886753],[72.51748105875107,23.091228852365553],[72.52167174203844,23.09394988181988],[72.52100380464833,23.09837304979029],[72.51614459776613,23.100075091826437],[72.5119537471554,23.09735367234851]]]},"properties":{"h3_index":"8842ceb685fffff","d_ta_c":-0.28,"intensity":0.62,"roads":0.293,"green":0.01,"water":0.0,"exposure":0.62,"vulnerability":0.813,"place":"Bhagvat","place_exact":true,"peak_hour":13,"wbgt_focus":30.7,"utci_focus":43.1,"risk_focus":0.35}},{"type":"Feature","geometry":{"type":"Polygon","coordinates":[[[72.52100380464833,23.09837304979029],[72.52167174203844,23.09394988181988],[72.52653035663596,23.09224783297863],[72.53072145255057,23.094968658516528],[72.53005410140932,23.099391922854224],[72.52519506808422,23.101094265315467],[72.52100380464833,23.09837304979029]]]},"properties":{"h3_index":"8842ceb687fffff","d_ta_c":-0.47,"intensity":0.555,"roads":0.241,"green":0.067,"water":0.002,"exposure":0.555,"vulnerability":0.813,"place":"Bhagvat","place_exact":true,"peak_hour":13,"wbgt_focus":30.6,"utci_focus":42.8,"risk_focus":0.333}},{"type":"Feature","geometry":{"type":"Polygon","coordinates":[[[72.51395905419307,23.084085320824737],[72.51462731411623,23.07966311227738],[72.51948509135433,23.077961650481328],[72.52367502731259,23.080682103771213],[72.52300735335342,23.085104408783902],[72.51814915745157,23.086806164070087],[72.51395905419307,23.084085320824737]]]},"properties":{"h3_index":"8842ceb6a1fffff","d_ta_c":-0.14,"intensity":0.668,"roads":0.392,"green":0.016,"water":0.002,"exposure":0.668,"vulnerability":0.813,"place":"Bhagvat","place_exact":true,"peak_hour":13,"wbgt_focus":30.8,"utci_focus":43.3,"risk_focus":0.362}},{"type":"Feature","geometry":{"type":"Polygon","coordinates":[[[72.52300735335342,23.085104408783902],[72.52367502731259,23.080682103771213],[72.52853263114031,23.07898034188874],[72.53272297951894,23.08170059145253],[72.53205589158824,23.086122992789235],[72.52719786923005,23.08782504826684],[72.52300735335342,23.085104408783902]]]},"properties":{"h3_index":"8842ceb6a3fffff","d_ta_c":0.25,"intensity":0.796,"roads":0.655,"green":0.032,"water":0.002,"exposure":0.796,"vulnerability":0.813,"place":"Bhagvat","place_exact":true,"peak_hour":13,"wbgt_focus":31.0,"utci_focus":43.8,"risk_focus":0.392}},{"type":"Feature","geometry":{"type":"Polygon","coordinates":[[[72.51043779076693,23.07694245537906],[72.51110621182508,23.072520726652876],[72.51596357043134,23.070819558282036],[72.52015292659087,23.073539825240875],[72.51948509135433,23.077961650481328],[72.51462731411623,23.07966311227738],[72.51043779076693,23.07694245537906]]]},"properties":{"h3_index":"8842ceb6a5fffff","d_ta_c":0.07,"intensity":0.738,"roads":0.53,"green":0.012,"water":0.015,"exposure":0.738,"vulnerability":0.813,"place":"Sola","place_exact":true,"peak_hour":13,"wbgt_focus":30.9,"utci_focus":43.6,"risk_focus":0.379}},{"type":"Feature","geometry":{"type":"Polygon","coordinates":[[[72.51948509135433,23.077961650481328],[72.52015292659087,23.073539825240875],[72.52501011191995,23.07183835688859],[72.52919988049072,23.074558420275284],[72.52853263114031,23.07898034188874],[72.52367502731259,23.080682103771213],[72.51948509135433,23.077961650481328]]]},"properties":{"h3_index":"8842ceb6a7fffff","d_ta_c":0.21,"intensity":0.784,"roads":0.661,"green":0.059,"water":0.0,"exposure":0.784,"vulnerability":0.813,"place":"Bhagvat","place_exact":false,"peak_hour":13,"wbgt_focus":30.9,"utci_focus":43.7,"risk_focus":0.389}},{"type":"Feature","geometry":{"type":"Polygon","coordinates":[[[72.50843200025841,23.090209367633754],[72.50910068500076,23.085786775895908],[72.51395905419307,23.084085320824737],[72.51814915745157,23.086806164070087],[72.51748105875107,23.091228852365553],[72.51262227072979,23.092930600886753],[72.50843200025841,23.090209367633754]]]},"properties":{"h3_index":"8842ceb6a9fffff","d_ta_c":-0.48,"intensity":0.552,"roads":0.152,"green":0.0,"water":0.0,"exposure":0.552,"vulnerability":0.813,"place":"Bhagvat","place_exact":true,"peak_hour":13,"wbgt_focus":30.6,"utci_focus":42.8,"risk_focus":0.332}},{"type":"Feature","geometry":{"type":"Polygon","coordinates":[[[72.51748105875107,23.091228852365553],[72.51814915745157,23.086806164070087],[72.52300735335342,23.085104408783902],[72.52719786923005,23.08782504826684],[72.52653035663596,23.09224783297863],[72.52167174203844,23.09394988181988],[72.51748105875107,23.091228852365553]]]},"properties":{"h3_index":"8842ceb6abfffff","d_ta_c":-0.3,"intensity":0.612,"roads":0.285,"green":0.016,"water":0.0,"exposure":0.612,"vulnerability":0.813,"place":"Bhagvat","place_exact":true,"peak_hour":13,"wbgt_focus":30.7,"utci_focus":43.1,"risk_focus":0.348}},{"type":"Feature","geometry":{"type":"Polygon","coordinates":[[[72.50491099454901,23.083065729005902],[72.50557984037158,23.07864361706513],[72.51043779076693,23.07694245537906],[72.51462731411623,23.07966311227738],[72.51395905419307,23.084085320824737],[72.50910068500076,23.085786775895908],[72.50491099454901,23.083065729005902]]]},"properties":{"h3_index":"8842ceb6adfffff","d_ta_c":-0.11,"intensity":0.677,"roads":0.414,"green":0.012,"water":0.013,"exposure":0.677,"vulnerability":0.813,"place":"Sola","place_exact":false,"peak_hour":13,"wbgt_focus":30.8,"utci_focus":43.3,"risk_focus":0.364}},{"type":"Feature","geometry":{"type":"Polygon","coordinates":[[[72.5355798934711,23.09326630937884],[72.5362468198943,23.088843428392085],[72.54110466845565,23.087141072746704],[72.54529600900233,23.08986130435178],[72.54462966881442,23.094284281472152],[72.53977140182417,23.095986930882574],[72.5355798934711,23.09326630937884]]]},"properties":{"h3_index":"8842ceb6b1fffff","d_ta_c":0.35,"intensity":0.829,"roads":0.693,"green":0.015,"water":0.0,"exposure":0.829,"vulnerability":0.813,"place":"Chanakyapuri","place_exact":true,"peak_hour":13,"wbgt_focus":31.0,"utci_focus":43.9,"risk_focus":0.399}},{"type":"Feature","geometry":{"type":"Polygon","coordinates":[[[72.54462966881442,23.094284281472152],[72.54529600900233,23.08986130435178],[72.55015368351361,23.088158648562352],[72.5543454361121,23.090878676052032],[72.5536796822238,23.09530174916463],[72.54882158941709,23.09700469882406],[72.54462966881442,23.094284281472152]]]},"properties":{"h3_index":"8842ceb6b3fffff","d_ta_c":0.04,"intensity":0.728,"roads":0.485,"green":0.0,"water":0.0,"exposure":0.728,"vulnerability":0.813,"place":"New Ranip","place_exact":false,"peak_hour":13,"wbgt_focus":30.9,"utci_focus":43.5,"risk_focus":0.376}},{"type":"Feature","geometry":{"type":"Polygon","coordinates":[[[72.53205589158824,23.086122992789235],[72.53272297951894,23.08170059145253],[72.53758040968313,23.07999852950726],[72.54177117029342,23.08271857522731],[72.54110466845565,23.087141072746704],[72.5362468198943,23.088843428392085],[72.53205589158824,23.086122992789235]]]},"properties":{"h3_index":"8842ceb6b5fffff","d_ta_c":0.26,"intensity":0.799,"roads":0.63,"green":0.0,"water":0.014,"exposure":0.799,"vulnerability":0.813,"place":"Chanakyapuri","place_exact":true,"peak_hour":13,"wbgt_focus":31.0,"utci_focus":43.8,"risk_focus":0.392}},{"type":"Feature","geometry":{"type":"Polygon","coordinates":[[[72.54110466845565,23.087141072746704],[72.54177117029342,23.08271857522731],[72.546628426541,23.081016213242904],[72.55081959919417,23.083736055001612],[72.55015368351361,23.088158648562352],[72.54529600900233,23.08986130435178],[72.54110466845565,23.087141072746704]]]},"properties":{"h3_index":"8842ceb6b7fffff","d_ta_c":0.21,"intensity":0.783,"roads":0.59,"green":0.0,"water":0.0,"exposure":0.783,"vulnerability":0.813,"place":"Chanakyapuri","place_exact":true,"peak_hour":13,"wbgt_focus":30.9,"utci_focus":43.7,"risk_focus":0.389}},{"type":"Feature","geometry":{"type":"Polygon","coordinates":[[[72.53005410140932,23.099391922854224],[72.53072145255057,23.094968658516528],[72.5355798934711,23.09326630937884],[72.53977140182417,23.095986930882574],[72.53910463699626,23.100410291446167],[72.53424577748156,23.102112934308863],[72.53005410140932,23.099391922854224]]]},"properties":{"h3_index":"8842ceb6b9fffff","d_ta_c":0.12,"intensity":0.752,"roads":0.585,"green":0.017,"water":0.041,"exposure":0.752,"vulnerability":0.813,"place":"Chanakyapuri","place_exact":false,"peak_hour":13,"wbgt_focus":30.9,"utci_focus":43.6,"risk_focus":0.382}},{"type":"Feature","geometry":{"type":"Polygon","coordinates":[[[72.53910463699626,23.100410291446167],[72.53977140182417,23.095986930882574],[72.54462966881442,23.094284281472152],[72.54882158941709,23.09700469882406],[72.5481554109669,23.101428155472128],[72.54329672551597,23.10313109871255],[72.53910463699626,23.100410291446167]]]},"properties":{"h3_index":"8842ceb6bbfffff","d_ta_c":0.0,"intensity":0.714,"roads":0.49,"green":0.025,"water":0.0,"exposure":0.714,"vulnerability":0.813,"place":"Chanakyapuri","place_exact":false,"peak_hour":13,"wbgt_focus":30.8,"utci_focus":43.5,"risk_focus":0.373}},{"type":"Feature","geometry":{"type":"Polygon","coordinates":[[[72.52653035663596,23.09224783297863],[72.52719786923005,23.08782504826684],[72.53205589158824,23.086122992789235],[72.5362468198943,23.088843428392085],[72.5355798934711,23.09326630937884],[72.53072145255057,23.094968658516528],[72.52653035663596,23.09224783297863]]]},"properties":{"h3_index":"8842ceb6bdfffff","d_ta_c":0.01,"intensity":0.717,"roads":0.466,"green":0.002,"water":0.0,"exposure":0.717,"vulnerability":0.813,"place":"Chanakyapuri","place_exact":true,"peak_hour":13,"wbgt_focus":30.9,"utci_focus":43.5,"risk_focus":0.373}},{"type":"Feature","geometry":{"type":"Polygon","coordinates":[[[72.50290392937262,23.096333790623078],[72.5035730390667,23.09191081581134],[72.50843200025841,23.090209367633754],[72.51262227072979,23.092930600886753],[72.5119537471554,23.09735367234851],[72.50709436696948,23.099055413935957],[72.50290392937262,23.096333790623078]]]},"properties":{"h3_index":"8842ceb6e3fffff","d_ta_c":-0.44,"intensity":0.566,"roads":0.188,"green":0.008,"water":0.0,"exposure":0.566,"vulnerability":0.813,"place":"Bhagvat","place_exact":false,"peak_hour":13,"wbgt_focus":30.6,"utci_focus":42.9,"risk_focus":0.336}},{"type":"Feature","geometry":{"type":"Polygon","coordinates":[[[72.49938318159992,23.089189378877432],[72.50005245231944,23.08476688383854],[72.50491099454901,23.083065729005902],[72.50910068500076,23.085786775895908],[72.50843200025841,23.090209367633754],[72.5035730390667,23.09191081581134],[72.49938318159992,23.089189378877432]]]},"properties":{"h3_index":"8842ceb6e7fffff","d_ta_c":-0.27,"intensity":0.624,"roads":0.288,"green":0.0,"water":0.0,"exposure":0.624,"vulnerability":0.813,"place":"Bhagvat","place_exact":false,"peak_hour":13,"wbgt_focus":30.7,"utci_focus":43.1,"risk_focus":0.351}}]}